,Smiles,pIC50
15,COc1ccc(OC)c(Sc2cc(C)c3nnc(-c4cnn(C)c4)n3n2)c1,4.5
16,COc1ccc(OC)c(C(O)c2ccc3nnc(-c4cnn(C)c4)n3n2)c1,5.04
17,COc1ccc(C(C)C)cc1Sc1ccc2nnc(-c3cnn(C)c3)n2n1,5.87
19,COc1ccc(OC)c(Sc2ccc3nnc(-c4cnccn4)n3n2)c1,6.06
20,COc1ccc(OC)c(Sc2ccc3nnc(-c4ccncc4)n3n2)c1,6.46
41,COc1ccc(OC)c(Sc2nn3c(-c4cnn(C)c4)nnc3cc2C)c1,4.5
42,COc1ccc(OC)c(N(C)c2ccc3nnc(-c4cnn(C)c4)n3n2)c1,4.66
44,COc1cncc(-c2ccc3[nH]nc(-c4cc(N5CCOCC5)ncn4)c3c2)n1,7.74
45,COCCn1cc(-c2ccc3[nH]nc(-c4cc(N5CCOCC5)ncn4)c3c2)cn1,8.82
46,C[C@@H]1CN(c2cc(-c3n[nH]c4ccc(-c5ccncc5)cc34)ncn2)C[C@H](C)O1,7.3
47,C[C@@H]1CN(c2cc(-c3n[nH]c4ccc(-c5cccc(C#N)c5)cc34)ncn2)C[C@H](C)O1,7.32
48,CC(C)=Cc1ccc2[nH]nc(-c3cc(N4CCOCC4)ncn3)c2c1,7.79
49,FC1(F)CCN(c2cc(-c3n[nH]c4ccc(C5=CCNCC5)cc34)ncn2)CC1,6.92
50,FC1(F)CCN(c2cc(-c3n[nH]c4ccc(-c5cc[nH]n5)cc34)ncn2)CC1,8.67
51,CC1(C)CC(=O)C=C(c2ccc3[nH]nc(-c4cc(N5CCOCC5)ncn4)c3c2)C1,8.79
52,Cc1n[nH]c(C)c1-c1ccc2[nH]nc(-c3cc(N4CCOCC4)ncn3)c2c1,8.59
53,CC(C)N1CCN(c2cc(-c3n[nH]c4ccc(-c5cn[nH]c5)cc34)ncn2)CC1,9.02
54,CC(C)N1CCN(c2cc(-c3n[nH]c4ccc(-c5ccn[nH]5)cc34)ncn2)CC1,8.63
55,CC(C)Oc1cc2c(-c3cc(N4CCN(S(=O)(=O)C5CC5)CC4)ncn3)n[nH]c2cc1F,8.38
56,CCN1CCN(c2cc(-c3n[nH]c4ccc(OC)cc34)ncn2)CC1=O,7.11
57,COCCOc1ccc2[nH]nc(-c3cc(N4CCN(C5CC5)CC4)ncn3)c2c1,7.01
58,COC[C@H](C)Oc1ccc2[nH]nc(-c3cc(N4CCC5(CC4)CNC(=O)C5)ncn3)c2c1,8.54
59,COC[C@H](C)Oc1ccc2[nH]nc(-c3cc(N4CCO[C@H](C)C4)ncn3)c2c1,8.55
60,CC(C)Oc1ccc2[nH]nc(-c3cc(N4CCCN(S(C)(=O)=O)CC4)ncn3)c2c1,7.29
61,CCOc1ccc2[nH]nc(-c3cc(N4CCO[C@H](C)C4)ncn3)c2c1,7.98
62,CCN1CCN(c2cc(-c3n[nH]c4ccc(OCCOC)cc34)ncn2)CC1,7.01
63,COCCOc1ccc2[nH]nc(-c3cc(N4CCO[C@H](C)C4)ncn3)c2c1,7.37
64,COCCOc1ccc2[nH]nc(-c3cc(N4CC5CCC(C4)O5)ncn3)c2c1,6.81
65,Cn1cc(-c2ccc3[nH]nc(-c4cc(N5CCCC(F)(F)C5)ncn4)c3c2)cn1,8.66
66,Cn1cc(-c2ccc3[nH]nc(-c4cc(N5CC[S+]([O-])CC5)ncn4)c3c2)cn1,7.57
67,CC(C)Oc1cc2c(-c3cc(N4CCC(F)(C#N)CC4)ncn3)n[nH]c2cc1F,7.75
68,COC[C@H](C)Oc1ccc2[nH]nc(-c3cc(N4C[C@H](F)[C@@H](F)C4)ncn3)c2c1,8.1
69,Cn1cc(-c2cc3nccnc3c(NC[C@@H]3CNCCO3)n2)cn1,6.6
71,COc1ccccc1Sc1ccc2nnc(-c3ccccc3)n2n1,5.97
75,COc1ccc(OC)c(Sc2ccc3nnc(Cc4cnn(C)c4)n3n2)c1,4.5
76,Cn1cc(-c2n[nH]c3ccnc(NC4CCCCC4)c23)cn1,6.89
77,c1cc2[nH]nc(-c3cnn(C4CCCC4)c3)c2c(NC2CCOCC2)n1,6.77
83,COc1cc(N2CCN(C)CC2)ccc1Nc1ncc2c(n1)N(C1CCCC1)c1ccccc1C(=O)N2C,6.38
84,COc1cc(N2CCN(C)CC2)ccc1Nc1ncc2c(n1)N(Cc1ccccc1)c1ccccc1C(=O)N2C,6.85
85,Cc1cc(N/N=C/c2ccncc2)nc2ccccc12,5.39
88,CNc1nc(Nc2ccn(C)n2)ncc1C(F)(F)F,6.77
91,COc1ccc(OC)c(Nc2ccc3nnc(-c4ccccc4)n3n2)c1,4.65
92,CNc1nc(Nc2cnn3c2COCC3)ncc1C(F)(F)F,7.75
93,CNc1nc(Nc2cn(C(C)(C)C(=O)NCC(F)(F)F)nc2C)ncc1C(F)(F)F,7.28
94,CNc1nc(Nc2cnn3c2C(C)O[C@@H](C)C3)ncc1C(F)(F)F,7.31
97,O=C1Nc2ccc(Cl)cc2/C1=C\c1ccc(O)cc1,4.92
98,CN(C)CCOc1ccc(/C=C2/C(=O)Nc3ccc(Cl)cc32)cc1,6.33
100,Cc1cc(N/N=C/c2ccc(O)c(O)c2)nc2ccccc12,4.88
104,FC(F)(F)c1cc(-c2n[nH]c3ccnc(NC4CCOCC4)c23)ncn1,7.62
106,CCNc1nc(Nc2cc(OC)c(C(=O)N3CCOCC3)cc2Cl)ncc1C(F)(F)F,7.57
108,CC(C)n1cc(-c2n[nH]c3ccnc(NC4CCCCC4)c23)cn1,6.96
110,Cn1cc(-c2cc3c(-c4cc(N5CC[S+]([O-])CC5)ncn4)n[nH]c3cc2F)cn1,6.88
111,C[C@H]1CN(c2cc(-c3n[nH]c4cc(F)c(-c5cnn(C)c5)cc34)ncn2)CCO1,7.58
112,Cn1cc(-c2cc3c(-c4cc(N5CCCC6(CCO6)C5)ncn4)n[nH]c3cc2F)cn1,6.4
113,c1nc(-c2n[nH]c3ccc(-c4ccc5ncnn5c4)cc23)cc(N2CCOCC2)n1,6.71
114,Cc1noc(C2CN(c3cc(-c4n[nH]c5ccc(OC(C)C)cc45)ncn3)C2)n1,8.03
116,Cn1cc(-c2ccc3[nH]nc(-c4cc(N5CC6CCC(C5)O6)ncn4)c3c2)cn1,8.29
118,COCCN1CCN(c2cc(-c3n[nH]c4ccc(OC(C)C)cc34)ncn2)CC1=O,8.25
119,COc1c(C)cc(/C=C2/C(=O)Nc3ccc(Cl)cc32)cc1C,5.82
120,O=C1Nc2ccc(Cl)cc2/C1=C\c1cc(F)c(O)c(F)c1,6.58
124,CNc1nc(Nc2cnn(C(C)(C)C#N)c2C)ncc1C(F)(F)F,8.3
125,CCNC(=O)C(C)(C)n1cc(Nc2ncc(C(F)(F)F)c(NC)n2)c(C)n1,7.0
126,CCN1c2ccccc2C(=O)N(C)c2cnc(Nc3ccc(N4CCN(C)CC4)cc3OC)nc21,7.24
127,COc1cc(N2CCN(C)CC2)ccc1Nc1ncc2c(n1)N(C)c1ccccc1C(=O)N2C(C)C,5.72
132,CNc1nc(Nc2cc(C)c(C(=O)N3CCOCC3)cc2Cl)ncc1C(F)(F)F,7.37
150,COc1cc(N2CCN(C3CCN(C)CC3)CC2)ccc1Nc1ncc2c(n1)N(C)c1ccccc1C(=O)N2C,7.8
151,CN1C(=O)c2ccccc2N(C)c2nc(Nc3ccc(N4CCC(O)CC4)cc3)ncc21,7.52
175,CNc1nc(Nc2cnn3c2C(C)OCC3)ncc1C(F)(F)F,7.38
203,CNc1nc(Nc2cn(C(C)(C)C(=O)NC(C)C)nc2C)ncc1C(F)(F)F,6.85
209,COc1ccc(OC)c(Sc2ccc3nnc(C4CC4)n3n2)c1,5.64
214,Cc1n[nH]c2ccnc(Nc3ccc4ncsc4c3)c12,6.89
220,C[C@H]1CCCN(c2ncnc3[nH]cc(-c4ccc5c(c4)CNC5=O)c23)C1,7.48
224,C[C@@H]1C[C@H](C)CN(c2ncnc3[nH]cc(-c4cnn(C)c4)c23)C1,7.8
237,Cn1cc(NC(=O)c2cnn3cccnc23)c(-c2cc(Cl)ccc2Cl)n1,6.4
241,NC(=O)c1ncc(N[C@@H]2CCCC[C@@H]2N)nc1-c1cc2ccccc2[nH]1,7.52
242,CC1(C)C(=O)N([C@H]2CCc3c(O)cccc32)c2nc(Nc3ccccc3)ncc21,6.78
255,COc1cccc2[nH]c(-c3nc(N[C@@H]4CCOC[C@@H]4N)cnc3C(N)=O)cc12,7.48
270,Nc1ccc(C(=O)N2CCC(N3CCCCC3)CC2)cc1Cl,6.18
274,CNc1nc(Nc2cnn(C)c2)ncc1C(F)(F)F,7.0
280,c1cnnc(-c2ccc3[nH]nc(-c4ccnc(N5CCOCC5)c4)c3c2)c1,8.19
282,O=C(Nc1cccnc1)c1cc(Br)ccc1OCc1cccc(F)c1,7.8
295,Cc1ccc(-c2cnc(N)c(-c3cn(C)cn3)c2)cc1,4.24
296,Cn1cc(-c2cc(-c3ccc4[nH]ccc4c3)cnc2N)cn1,4.89
298,Cc1ccc(-c2cnc(N)c(-n3cc(C)nn3)c2)cc1,5.04
299,Cn1cc(-c2cc(-c3ccc4c(ccn4C)c3)cnc2N)cn1,5.24
301,CN(C)C(=O)c1ccc(OCc2ccccc2)c(C(=O)Nc2cccnc2)c1,6.7
302,COc1ccc(OCc2ccccc2)c(C(=O)Nc2cccnc2)c1,7.8
312,CCOc1ccc2[nH]nc(-c3cc(N4C[C@@H](C)O[C@@H](C)C4)ncn3)c2c1,7.89
316,CC(C)Oc1cc2c(-c3cc(N4CCO[C@@H](C)C4)ncn3)n[nH]c2cc1F,8.3
317,CCS(=O)(=O)N1CCN(c2cc(-c3n[nH]c4cc(F)c(OC(C)C)cc34)ncn2)CC1,8.65
318,CC(C)Oc1ccc2[nH]nc(-c3cc(N4CCN(CCO)CC4)ncn3)c2c1,8.13
319,CC(C)NC(=O)CN1CCN(c2cc(-c3n[nH]c4ccc(OC(C)C)cc34)ncn2)CC1,8.29
320,CO[C@@H]1CCN(c2cc(-c3n[nH]c4ccc(-c5cnn(C)c5)cc34)ncn2)C1,8.4
321,Cn1cc(-c2ccc3[nH]nc(-c4cc(N5CCS(=O)(=O)CC5)ncn4)c3c2)cn1,7.65
322,Cn1cc(-c2ccc3[nH]nc(-c4cc(N5CCC(F)(F)C5)ncn4)c3c2)cn1,8.43
323,CC(C)Oc1cc2c(-c3cc(N4[C@H](C)COC[C@@H]4C)ncn3)n[nH]c2cc1F,8.27
324,Cc1nocc1-c1ccc2[nH]nc(-c3cc(N4C[C@@H](C)O[C@@H](C)C4)ncn3)c2c1,7.4
340,Cc1n[nH]c2ccnc(NC3CC3)c12,5.33
346,C[C@H]1CN(c2cc(-c3n[nH]c4ccc(-c5cnn(C)c5)cc34)ncn2)CCO1,8.66
347,Cn1cc(-c2ccc3[nH]nc(-c4cc(N5CCC(F)(F)CC5)ncn4)c3c2)cn1,8.34
348,CC(C)Oc1cc2c(-c3cc(N4C5CCC4COC5)ncn3)n[nH]c2cc1F,7.74
354,Cc1cc(N2CCC(O)CC2)ccc1Nc1ncc2c(n1)N(C)c1ccccc1C(=O)N2C,7.46
355,CCN1C(=O)c2ccccc2N(C)c2nc(Nc3ccc(N4CCN(C)CC4)cc3OC)ncc21,7.21
362,FC1(F)CCN(c2cc(-c3n[nH]c4ccc(-c5cccnc5)cc34)ncn2)CC1,7.96
364,CN(c1cccc(S(C)(=O)=O)c1)c1ccc2[nH]nc(-c3ccncc3)c2c1,7.36
369,CO[C@@H]1CN(c2cc(-c3n[nH]c4cc(F)c(-c5cnn(C)c5)cc34)ncn2)C[C@H]1O,7.44
370,COC[C@H](C)Oc1ccc2[nH]nc(-c3cc(N4CC[C@H](CO)C4)ncn3)c2c1,8.22
371,COC[C@H](C)Oc1ccc2[nH]nc(-c3cc(N4CC[C@@H](CO)C4)ncn3)c2c1,8.44
384,CC1=C(C(=O)Nc2ccc3cnc(C)n3c2)Cn2nnnc2N1C,5.51
387,CC1=C(C(=O)Nc2ccc3[nH]c(=O)[nH]c3c2)Cn2nnnc2N1C,6.62
389,CCn1cc(-n2ncc3cc(Cl)c(C4CCN(C5(C)COC5)CC4)cc32)cn1,9.1
395,Cc1cc(-c2c[nH]c3ncnc(N4CCC[C@H](C)C4)c23)cnc1F,7.19
401,CN(c1ncnc2[nH]cc(-c3cnn(C)c3)c12)C1CC1,7.43
403,Cc1n[nH]c2ccnc(OC3CCOCC3)c12,6.52
407,C[C@@H]1CN(c2cc(-n3ncc4ccc(CCC#N)cc43)ncn2)C[C@H](C)N1C,6.0
432,Cc1cc(/C=C2/C(=O)Nc3ccc(Cl)cc32)cc(C)c1O,6.71
438,CC(C)Oc1ccc2[nH]nc(-c3cc(N4CCN(C(=O)C5CCCO5)CC4)ncn3)c2c1,7.24
439,COC(=O)N1CCN(c2cc(-c3n[nH]c4ccc(OC(C)C)cc34)ncn2)CC1,7.99
440,CN(C)[C@@H]1CCN(c2cc(-c3n[nH]c4cc(F)c(-c5cnn(C)c5)cc34)ncn2)C1,7.24
441,c1cncc(-c2ccc3[nH]nc(-c4cc(N5CCOCC5)ncn4)c3c2)c1,8.26
442,CC1(C)CC(=O)C=C(c2ccc3[nH]nc(-c4cc(N5CCC(F)(F)CC5)ncn4)c3c2)C1,8.15
449,C[C@H]1CCCN(c2ncnc3[nH]cc(-c4cccc(CO)c4)c23)C1,7.75
463,COc1ccc2c(c1)/C(=C/c1cc3c([nH]1)CCN(C(=O)c1cnoc1C)C3)C(=O)N2,8.15
465,Cc1ncc(/C=C2\C(=O)Nc3ccc(OC(C)C)cc32)[nH]1,8.92
467,CCOc1cc(-c2nncn2C)ccc1Nc1ncc2cc(C)nc(NCC(C)(C)C)c2n1,7.32
468,COc1cc(/C=C2/C(=O)Nc3ccc(Cl)cc32)ccc1OCCN1CCOCC1,6.79
469,O=C1Nc2ccc(Cl)cc2/C1=C\c1ccccc1,5.0
474,COc1ccc(OC)c(Sc2ccc3nnc(-c4cnn(C)c4)n3c2)c1,5.83
478,CN1C(=O)C(=NN(c2ccccc2)c2ccccc2)c2ccccc21,5.24
492,CC(O)(C#Cc1ccc(N2CCOCC2)c(Nc2ncnc3[nH]ccc23)c1)c1nccs1,7.02
494,c1cc(-c2n[nH]c3ccc(OC4CC4)cc23)cc(N2CCOCC2)n1,7.39
502,COc1cc(N2CCNCC2)ccc1Nc1ncc2c(n1)N(C)c1ccccc1C(=O)N2C,7.64
503,COc1cc(C(=O)NC2CCN(C)CC2)ccc1Nc1ncc2c(n1)N(C)c1ccccc1C(=O)N2C,8.09
504,CCC(C)N1c2ccccc2C(=O)N(C)c2cnc(Nc3ccc(N4CCN(C)CC4)cc3OC)nc21,6.13
510,CN(C)c1cccc(NC(=O)c2cc(Br)ccc2OCc2ccccc2)c1,4.8
511,Cn1nccc1-c1ccc(OCc2ccccc2)c(C(=O)Nc2cccnc2)c1,7.9
512,CN(C)S(=O)(=O)c1ccc(OCc2ccccc2)c(C(=O)Nc2cccnc2)c1,5.9
527,COc1ccc(OC)c(Sc2ccc3ncc(-c4cnn(C)c4)n3c2)c1,5.94
528,CNc1nc(Nc2cc(Cl)c(C(=O)N3CCOCC3)cc2OC)ncc1C(F)(F)F,8.15
529,CCNc1nc(Nc2cc3c(cc2OC)C(=O)N(CC(C)(C)O)C3)ncc1C(F)(F)F,7.66
538,CNc1nc(Nc2cc(OC)c(C(=O)N3CCOCC3)cc2F)ncc1C(F)(F)F,7.2
554,CC(C)Oc1ccc2[nH]nc(-c3cc(N4CC5CCC(C4)O5)ncn3)c2c1,7.54
555,CC(C)Oc1ccc2[nH]nc(-c3cc(N4C[C@H](N)C[C@@H]4C)ncn3)c2c1,7.96
556,COC[C@H](C)Oc1ccc2[nH]nc(-c3cc(N4CC[C@H](OC)C4)ncn3)c2c1,8.28
557,CC(C)Oc1ccc2[nH]nc(-c3cc(N4C[C@@H](C)O[C@@H](C)C4)ncn3)c2c1,8.11
558,CC(=O)N1CCN(c2cc(-c3n[nH]c4ccc(OC(C)C)cc34)ncn2)CC1,7.95
559,CC(C)Oc1ccc2[nH]nc(-c3cc(N4CCn5nc(C6CC6)nc5C4)ncn3)c2c1,7.74
560,CC(C)Oc1ccc2[nH]nc(-c3cc(N4CCOC(C)(C)C4)ncn3)c2c1,8.2
562,CC(C)Oc1cc2c(-c3cc(N4CCN(C)CC4)ncn3)n[nH]c2cc1F,8.36
563,CC(C)Oc1ccc2[nH]nc(-c3cc(N4C=CSCC4)ncn3)c2c1,8.22
564,CC(C)Oc1ccc2[nH]nc(-c3cc(N4CCC(n5ccnc5)C4)ncn3)c2c1,7.95
565,CC(C)Oc1ccc2[nH]nc(-c3cc(N4CCCC(C(C)(C)O)C4)ncn3)c2c1,8.16
566,COc1ccncc1-c1ccc2[nH]nc(-c3cc(N4CCC(F)(F)CC4)ncn3)c2c1,8.18
567,CC(C)Oc1cc2c(-c3cc(N4CCC(n5cccn5)C4)ncn3)n[nH]c2cc1F,8.21
568,COC[C@H](C)Oc1ccc2[nH]nc(-c3cc(N4CCN5C(=O)OCC5C4)ncn3)c2c1,8.06
569,c1cc(-c2ccc3[nH]nc(-c4cc(N5CCOCC5)ncn4)c3c2)ccn1,7.01
570,Cc1noc(C)c1-c1ccc2[nH]nc(-c3cc(N4CCOCC4)ncn3)c2c1,7.31
571,N#Cc1cccc(-c2ccc3[nH]nc(-c4cc(N5CCOCC5)ncn4)c3c2)c1,7.09
572,COc1ccc2[nH]nc(-c3cc(N4CCO[C@@H](C)C4)ncn3)c2c1,7.11
573,CCOc1ccc2[nH]nc(-c3cc(N4C[C@H](F)[C@@H](F)C4)ncn3)c2c1,7.58
574,COC[C@@H](C)Oc1ccc2[nH]nc(-c3cc(N4CCOCC4)ncn3)c2c1,7.25
584,CCOc1ccc2[nH]nc(-c3cc(N4CCN(CC)C(=O)C4)ncn3)c2c1,7.78
585,Cn1cc(-c2cc3c(-c4cc(N5CCC(F)(CO)CC5)ncn4)n[nH]c3cc2F)cn1,7.82
586,CN(C)[C@H]1CN(c2cc(-c3n[nH]c4ccc(-c5cnn(C)c5)cc34)ncn2)C[C@@H]1O,7.87
590,CC(=O)N1CCc2[nH]c(/C=C3\C(=O)Nc4ccc(OC(C)C)cc43)cc2C1,8.4
593,COc1ccc2[nH]nc(-c3cc(N4CCN(S(C)(=O)=O)CC4)ncn3)c2c1,7.45
594,COc1ccc2[nH]nc(-c3cc(N4CCO[C@H](C)C4)ncn3)c2c1,7.54
595,CCOc1ccc2[nH]nc(-c3cc(N4CC5CCC(C4)O5)ncn3)c2c1,7.49
596,CO[C@H]1CN(c2cc(-c3n[nH]c4cc(F)c(OC(C)C)cc34)ncn2)C[C@@H]1O,8.11
597,CCOC(=O)N1CCN(c2cc(-c3n[nH]c4cc(F)c(OC(C)C)cc34)ncn2)CC1,8.21
598,CNc1nc(Nc2ccc(C(=O)N3CCOCC3)cc2OC)ncc1C#N,6.98
599,CCc1ccc2nc(Nc3cc(Cc4ccccc4)nc(N[C@H]4CC[C@H](O)CC4)n3)sc2c1,6.4
617,C[C@@H]1CN(c2cc(-c3n[nH]c4ccc(-c5cnc(N6CCCC6)s5)cc34)ncn2)C[C@H](C)O1,8.12
618,C[C@@H]1CN(c2cc(-c3n[nH]c4ccc(-c5ccc(C(=O)NCCO)cc5)cc34)ncn2)C[C@H](C)O1,7.11
619,CCN(CC)C(=O)c1ccc(-c2ccc3[nH]nc(-c4cc(N5C[C@@H](C)O[C@@H](C)C5)ncn4)c3c2)cc1,6.07
621,CNc1nc(Nc2ccnn2C)ncc1C(F)(F)F,6.89
625,CC(C)c1nnc(-c2cc(-c3ccc4[nH]ccc4c3)cnc2N)o1,6.04
627,Cn1cc(-c2ccc3[nH]nc(-c4cc(N5CCNC(=O)C5)ncn4)c3c2)cn1,8.55
628,Cc1nc2c(o1)CCN(c1cc(-c3n[nH]c4cc(F)c(-c5cnn(C)c5)cc34)ncn1)C2,7.27
629,Cn1cc(-c2ccc3[nH]nc(-c4cc(N5C[C@H](F)[C@@H](F)C5)ncn4)c3c2)cn1,8.42
630,CC(C)Oc1ccc2[nH]nc(-c3cc(N4C[C@H](O)[C@@H](N)[C@@H]4C)ncn3)c2c1,7.84
631,COCCN1CCN(c2cc(-c3n[nH]c4cc(F)c(OC(C)C)cc34)ncn2)CC1=O,8.79
632,CCN1CCN(c2cc(-c3n[nH]c4ccc(OC)cc34)ncn2)CC1,7.61
633,COC[C@H](C)Oc1ccc2[nH]nc(-c3cc(N4CCC5(CCN(C)C5=O)CC4)ncn3)c2c1,8.43
634,CC(C)Oc1ccc2[nH]nc(-c3cc(N4CCC(F)(CO)CC4)ncn3)c2c1,8.2
635,CC(C)Oc1ccc2[nH]nc(-c3cc(N4CCN(c5nncs5)CC4)ncn3)c2c1,7.77
636,C[C@@H]1CN(c2cc(-c3n[nH]c4cc(F)c(-c5cnn(C)c5)cc34)ncn2)CCO1,7.69
637,Cn1cc(-c2ccc3[nH]nc(-c4cc(N5CCN(CCCO)CC5)ncn4)c3c2)cn1,8.52
638,Cc1ncc(-c2ccc3[nH]nc(-c4cc(N5CCOCC5)ncn4)c3c2)s1,8.66
641,CNc1nc(Nc2cc(F)c(S(C)(=O)=O)cc2OC)ncc1C(F)(F)F,7.57
648,CNc1nc(Nc2ccc(C(=O)N3CCOCC3)cc2OC)ncc1Br,7.89
658,CNC(=O)c1nnc2cc(-c3ccc(S(C)(=O)=O)cc3)ccc2c1NC(C)C,6.38
662,CS(=O)(=O)c1ccc(-c2ccc3c(Nc4ccccc4)c(C(N)=O)cnc3c2)cc1,6.11
663,FC1(F)CCN(c2cc(-c3n[nH]c4ccc(-c5ccoc5)cc34)ncn2)CC1,7.06
664,COc1cnc(-c2ccc3[nH]nc(-c4cc(N5CCOCC5)ncn4)c3c2)cn1,6.57
665,C1=C(c2ccc3[nH]nc(-c4cc(N5CCOCC5)ncn4)c3c2)CCNC1,7.14
666,Clc1cc(-c2ccc3[nH]nc(-c4cc(N5CCOCC5)ncn4)c3c2)ccn1,6.57
667,CC(C)Cc1ccc2[nH]nc(-c3cc(N4CCOCC4)ncn3)c2c1,7.25
668,COC[C@H](C)Oc1ccc2[nH]nc(-c3cc(N4CCC5(CCCO5)CC4)ncn3)c2c1,8.7
669,COC[C@H](C)Oc1ccc2[nH]nc(-c3cc(N4CCC5(CCNC5=O)CC4)ncn3)c2c1,8.55
670,Cn1cc(-c2cc3c(-c4cc(N5CCC(n6cccn6)C5)ncn4)n[nH]c3cc2F)cn1,7.13
671,Cc1nc2c(o1)CCN(c1cc(-c3n[nH]c4ccc(-c5cnn(C)c5)cc34)ncn1)C2,8.55
674,O=C(Nc1cnccn1)c1cc(Br)ccc1OCc1ccccc1,5.7
675,Cc1cccc(NC(=O)c2cc(Br)ccc2OCc2ccccc2)c1,7.2
706,CC(C)Oc1ccc2[nH]nc(-c3cc(N4CCC(n5cccn5)CC4)ncn3)c2c1,7.82
707,Cn1cc(-c2ccc3[nH]nc(-c4cc(N5CCn6ncnc6C5)ncn4)c3c2)cn1,8.07
708,Cn1cc(-c2ccc3[nH]nc(-c4cc(N5CCOC(C)(C)C5)ncn4)c3c2)cn1,8.05
709,Cn1cc(-c2ccc3[nH]nc(-c4cc(N5CCC(F)(C#N)CC5)ncn4)c3c2)cn1,8.52
710,CC(C)Oc1cc2c(-c3cc(N4CCN(C5CCS(=O)(=O)C5)CC4)ncn3)n[nH]c2cc1F,8.6
711,CC(C)Oc1cc2c(-c3cc(N4CC[S+]([O-])CC4)ncn3)n[nH]c2cc1F,8.21
727,O=C(Nc1cccnc1)c1cc(Br)ccc1OCc1ccc(F)c(F)c1,7.7
729,CC(=O)N1CCc2[nH]c(/C=C3\C(=O)Nc4ccc(C#N)cc43)cc2C1,8.15
732,Cc1nc([C@H]2CN(c3ncnc4[nH]cc(-c5cccc(C#N)c5)c34)CCO2)no1,6.69
734,COc1cc(-c2cnc3[nH]cc(-c4ccc(N)nc4)c3c2)cc(OC)c1OC,8.3
735,CNc1nc(Nc2cn(C(C)(C)C#N)nc2C)ncc1C(F)(F)F,8.52
736,CNC(=O)C(C)(C)n1cc(Nc2ncc(C(F)(F)F)c(NC)n2)c(C)n1,7.44
737,CNc1nc(Nc2cnn3c2COC(C)(C)C3)ncc1C(F)(F)F,7.7
739,c1ccc2c(-c3cc(N4CCOCC4)ncn3)[nH]nc2c1,6.87
740,c1ccc2c(-c3cncc(N4CCOCC4)c3)n[nH]c2c1,6.59
741,c1ccc2c(-c3ccncc3)n[nH]c2c1,6.04
742,C[C@@H]1CN(c2cc(-c3n[nH]c4ccc(-c5ccn[nH]5)cc34)ncn2)C[C@H](C)O1,8.84
743,Cn1cc(-c2ccc3[nH]nc(-c4cc(N5CCCC(C)(O)C5)ncn4)c3c2)cn1,8.1
744,Cn1cc(-c2ccc3[nH]nc(-c4cc(N5CCC(n6cccn6)C5)ncn4)c3c2)cn1,8.44
745,COCC(=O)N1CCN(c2cc(-c3n[nH]c4cc(F)c(OC(C)C)cc34)ncn2)CC1,8.25
751,c1cc(-c2n[nH]c3ccnc(NC4CCOCC4)c23)cc(N2CCOCC2)n1,6.87
753,O=C1C(=NN(c2ccccc2)c2ccccc2)c2ccccc2N1Cc1ccccc1,5.16
759,COc1cc(C(=O)N2CCOCC2)ccc1Nc1ncc(Br)c(OC)n1,7.28
773,Cc1nc2c(o1)CCN(c1cc(-c3n[nH]c4cc(F)c(OC(C)C)cc34)ncn1)C2,8.19
774,CC(C)Oc1cc2c(-c3cc(N4CCC(F)(CO)CC4)ncn3)n[nH]c2cc1F,8.64
775,COC[C@H](C)Oc1ccc2[nH]nc(-c3cc(N4CC[C@@H](CF)C4)ncn3)c2c1,8.57
776,COC[C@H](C)Oc1ccc2[nH]nc(-c3cc(N4CCC(F)(F)C4)ncn3)c2c1,7.9
777,CC(C)Oc1cc2c(-c3cc(N4CCOC(C(F)(F)F)C4)ncn3)n[nH]c2cc1F,7.58
778,CC(C)Oc1cc2c(-c3cc(N4CCc5oncc5C4)ncn3)n[nH]c2cc1F,8.01
780,CNc1nc(Nc2cnn(C)c2Cl)ncc1C(F)(F)F,7.41
781,CNc1nc(Nc2cnn(C)c2C)ncc1C(F)(F)F,7.39
795,CNc1nc(Nc2cc(C)c(C(=O)N3CCOCC3)cc2OC)ncc1C(F)(F)F,7.96
796,CNc1nc(Nc2ccc(C(=O)N3CCOCC3)cc2OC)ncc1F,6.38
799,Cc1ccccc1Nc1nc2ccc(-c3cc(C)c(O)c(C)c3)cn2n1,8.0
803,Nc1ccc(-c2cnc3[nH]cc(-c4ccc5[nH]ccc5c4)c3c2)cn1,7.34
810,CC(=O)N1CCc2[nH]c(/C=C3\C(=O)Nc4ccc(C(F)(F)F)cc43)cc2C1,7.51
813,CC(C)Oc1ccc2[nH]nc(-c3cc(N4CC(F)(F)C4)ncn3)c2c1,7.61
814,CC(C)Oc1cc2c(-c3cc(N4CC[C@H](N(C)C)C4)ncn3)n[nH]c2cc1F,8.15
815,COC[C@H](C)Oc1ccc2[nH]nc(-c3cc(N4CCOC(C(F)(F)F)C4)ncn3)c2c1,8.07
816,COC[C@H](C)Oc1ccc2[nH]nc(-c3cc(N4CCC5(CC4)CNC(=O)CO5)ncn3)c2c1,8.46
817,c1nc(-c2n[nH]c3ccc(-c4ccc5nncn5c4)cc23)cc(N2CCOCC2)n1,7.25
818,Cc1nocc1-c1ccc2[nH]nc(-c3cc(N4CCOCC4)ncn3)c2c1,7.23
819,O=C(NCCO)c1ccc(-c2ccc3[nH]nc(-c4cc(N5CCOCC5)ncn4)c3c2)cc1,6.81
820,C[C@@H]1CN(c2cc(-c3n[nH]c4ccc(-c5ccc6nncn6c5)cc34)ncn2)C[C@H](C)O1,7.22
821,c1nc(-c2n[nH]c3ccc(-c4ccsc4)cc23)cc(N2CCOCC2)n1,7.44
822,CC(C)Oc1cc2c(-c3cc(N4CCNC(=O)C4)ncn3)n[nH]c2cc1F,8.54
823,CC(C)Oc1cc2c(-c3cc(N4C[C@H](O)[C@@H](N)[C@@H]4C)ncn3)n[nH]c2cc1F,7.93
824,COCCOC1CCN(c2cc(-c3n[nH]c4cc(F)c(OC(C)C)cc34)ncn2)CC1,8.68
825,CC(C)Oc1cc2c(-c3cc(N4C[C@@H](C)N(C)[C@@H](C)C4)ncn3)n[nH]c2cc1F,8.88
826,COc1cc(-c2cnc3[nH]c(=O)n(-c4ccc5[nH]ccc5c4)c3n2)cc(OC)c1OC,5.53
828,CCn1cc(-c2cc(-c3ccc(C)cc3)cnc2N)cn1,4.92
838,CNc1nc(Nc2cc(OC)c(C(=O)N3CCOCC3)cc2OC)ncc1C(F)(F)F,7.68
839,COc1cc(N2CCN(C)CC2)ccc1Nc1ncc2c(n1)N(C)c1ccccc1C(=O)N2C,7.54
840,C[C@@H]1CCNC(=O)c2cc3ccc(C(=O)Nc4nc5ccccc5n4CCCN(C)C)cc3n21,7.8
841,Cc1n[nH]c2ccnc(NC3CCC3)c12,6.28
842,Cc1n[nH]c2ccnc(OC3CCN(C)CC3)c12,5.72
851,COc1ccncc1-c1ccc2[nH]nc(-c3cc(N4C[C@@H](C)O[C@@H](C)C4)ncn3)c2c1,9.12
854,CN1CCN(c2cc(-c3n[nH]c4ccc(-c5cnn(C)c5)cc34)ncn2)CC1=O,8.31
855,CCCN1CCN(c2cc(-c3n[nH]c4ccc(OC(C)C)cc34)ncn2)CC1,8.09
856,CC(C)Oc1ccc2[nH]nc(-c3cc(N4CCNCC4)ncn3)c2c1,7.91
857,CCN1CCN(c2cc(-c3n[nH]c4ccc(OC(C)C)cc34)ncn2)CC1=O,8.25
858,CS(=O)(=O)O.O=C1Nc2ccc(-c3cccnc3)cc2/C1=C/c1ccc[nH]1,7.66
859,Cc1cncc2cccc(S(=O)(=O)N3CCCNC[C@@H]3C)c12,6.61
860,Cn1cc(-c2cnc3c(-c4csc(C(=O)N[C@@H]5CCCC[C@@H]5N)c4)cnn3c2)cn1,8.51
863,O=C(Nc1cccnc1)c1cc(Br)ccc1OCc1ccccc1F,8.1
864,COc1ccc(COc2ccc(Br)cc2C(=O)Nc2cccnc2)cc1,7.4
879,CC(C)n1cc(-c2cc(-c3ccc(C(=O)N4CCOCC4)c(Cl)c3)cnc2N)nn1,6.54
880,C[C@@H]1CN(c2cc(-c3n[nH]c4ccc(-c5cnn(C)c5)cc34)ncn2)C[C@H](C)O1,8.85
881,CC(C)Oc1ccc2[nH]nc(-c3cc(N4CCN(S(C)(=O)=O)CC4)ncn3)c2c1,8.1
882,CC(C)Oc1ccc2[nH]nc(-c3cc(N4CCN(C)C(=O)C4)ncn3)c2c1,7.95
883,CO[C@H]1CCN(c2cc(-c3n[nH]c4ccc(OC(C)C)cc34)ncn2)C1,8.06
884,CC(C)Oc1cc2c(-c3cc(N4CCN(c5cnn(C)c5)CC4)ncn3)n[nH]c2cc1F,8.66
885,CC(C)Oc1cc2c(-c3cc(N4C[C@H](O)[C@@H](O)[C@@H]4C)ncn3)n[nH]c2cc1F,7.81
886,CCC(=O)N1CCN(c2cc(-c3n[nH]c4cc(F)c(OC(C)C)cc34)ncn2)CC1,8.37
887,CC(C)Oc1cc2c(-c3cc(N4CCN(C(=O)C5CC5)CC4)ncn3)n[nH]c2cc1F,8.53
888,Cn1cc(-c2ccc3[nH]nc(-c4cc(N5CCN6C(=O)OCC6C5)ncn4)c3c2)cn1,8.2
889,Cc1cncc(-c2ccc3[nH]nc(-c4cc(N5C[C@@H](C)O[C@@H](C)C5)ncn4)c3c2)c1,8.66
890,COc1cncc(-c2ccc3[nH]nc(-c4cc(N5C[C@@H](C)O[C@@H](C)C5)ncn4)c3c2)n1,8.62
891,CC(C)=Cc1ccc2[nH]nc(-c3cc(N4CCN(C)CC4)ncn3)c2c1,7.48
892,CC(C)=Cc1ccc2[nH]nc(-c3cc(N4CCN(C)C(=O)C4)ncn3)c2c1,7.44
895,CNc1nc(Nc2cnn(C3COC3)c2C)ncc1C(F)(F)F,7.54
897,O=C(Nc1cccc(F)c1)c1cc(Br)ccc1OCc1ccccc1,6.6
904,CCNc1nc(Nc2cc(F)c(C(=O)NCC(C)(C)O)cc2OC)ncc1C(F)(F)F,8.0
905,COc1cc(C(=O)N2CCOCC2)ccc1Nc1ncc(Cl)c(OC)n1,7.16
917,COc1ccc(OC)c(C(F)(F)c2ccc3nnc(-c4cnn(C)c4)n3n2)c1,6.12
918,COc1ccc(OC)c(Cc2ccc3nnc(-c4cnn(C)c4)n3n2)c1,5.21
919,COc1ccc(OC)c(Oc2ccc3nnc(-c4cnn(C)c4)n3n2)c1,6.26
925,FC(F)(F)c1cccc(Sc2ccc3nnc(C4CCNCC4)n3n2)c1,4.66
935,O=C(Nc1cccnc1)c1cc(Br)ccc1OCc1ccccc1Cl,7.0
936,N#Cc1ccc(N=C2C(=O)Nc3ccccc32)cc1,4.81
945,COc1ccc2c(c1)/C(=C/c1cc3c([nH]1)CCN(C(=O)N1CCOCC1)C3)C(=O)N2C,6.82
946,CN1Cc2ccccc2N(C)c2nc(Nc3ccc(C(=O)N4CCC(N5CCCCC5)CC4)cc3Cl)ncc21,7.29
949,CN1C(=O)c2ccccc2N(C)c2nc(Nc3ccc(C(=O)N4CCC(N5CCCCC5)CC4)cc3Cl)ncc21,7.14
964,CNc1nc(Nc2cn(C)nc2C)ncc1C(F)(F)F,7.28
967,CC(C)=Cc1ccc2[nH]nc(-c3cc(N4CCN(S(C)(=O)=O)CC4)ncn3)c2c1,7.54
973,COCCNc1cc(-c2n[nH]c3ccc(OC(C)C)cc23)ncn1,7.58
974,CCCN1CCN(c2cc(-c3n[nH]c4cc(F)c(OC(C)C)cc34)ncn2)CC1=O,8.56
975,CCOc1ccc2[nH]nc(-c3cc(N4CCO[C@@H](C)C4)ncn3)c2c1,7.38
976,COCCOc1ccc2[nH]nc(-c3cc(N4CCN(C)C(=O)C4)ncn3)c2c1,7.16
978,CS(=O)(=O)N1CCN(c2cc(-c3n[nH]c4ccc(-c5cnccn5)cc34)ncn2)CC1,7.72
979,CC(C)Oc1ccc2[nH]nc(-c3cc(N4CCC4)ncn3)c2c1,8.1
980,CC(C)Oc1ccc2[nH]nc(-c3cc(N4CCN(c5ccncn5)CC4)ncn3)c2c1,7.8
981,CC(C)Oc1ccc2[nH]nc(-c3cc(N4CCC(O)(C(F)(F)F)CC4)ncn3)c2c1,7.98
982,CC(C)Oc1ccc2[nH]nc(-c3cc(N4CCC(CF)C4)ncn3)c2c1,8.16
983,CC(C)Oc1ccc2[nH]nc(-c3cc(N4CCN(c5cnn(C)c5)CC4)ncn3)c2c1,8.27
984,Cn1cc(-c2cc3c(-c4cc(N5CCS(=O)(=O)CC5)ncn4)n[nH]c3cc2F)cn1,6.84
985,CCN(CC)C(=O)c1ccc(-c2ccc3[nH]nc(-c4cc(N5CCOCC5)ncn4)c3c2)cc1,6.22
1009,FC(F)(F)c1cccc(Sc2ccc3nnc(Cc4cccs4)n3n2)c1,4.71
1016,COc1cc(NS(C)(=O)=O)ccc1Nc1ncc2c(n1)N(C)c1ccccc1C(=O)N2C,8.23
1017,COc1cc(C(=O)NC2CCN(C)CC2)ccc1Nc1ncc2c(n1)N(C)c1ccccc1C(=O)N2CC(F)(F)F,6.42
1018,CCN1C(=O)c2ccccc2N(C)c2nc(Nc3ccc(NS(C)(=O)=O)cc3OC)ncc21,7.64
1019,COCCOc1ccc2[nH]nc(-c3cc(N4C[C@@H](C)O[C@@H](C)C4)ncn3)c2c1,7.12
1020,CN1CCN(c2cc(-c3n[nH]c4cc(F)c(-c5cnn(C)c5)cc34)ncn2)CC1=O,7.42
1021,CC(C)Oc1cc2c(-c3cc(N4C[C@H](O)[C@@H](N(C)C)C4)ncn3)n[nH]c2cc1F,8.1
1022,COC[C@H](C)Oc1ccc2[nH]nc(-c3cc(N4CCCC(F)(F)C4)ncn3)c2c1,8.55
1027,c1cncc(-c2n[nH]c3ccccc23)c1,5.91
1037,CNc1nc(Nc2ccc(-c3nnnn3C)cc2Cl)ncc1C(F)(F)F,7.0
1046,COc1cc(C(=O)N2CCOCC2)c(F)cc1Nc1ncc(C(F)(F)F)c(NC2CC2)n1,8.4
1047,CNc1nc(Nc2cc(OC)c(C(=O)N3CCOCC3)cc2Cl)ncc1C(F)(F)F,7.62
1048,CNc1nc(Nc2ccc(C(=O)N3CCOCC3)cc2OC)ncc1C(F)(F)F,8.05
1049,Cc1n[nH]c2ccnc(Nc3ccc(Cl)cc3)c12,6.41
1050,O=C(NCC(F)(F)F)c1cc(-c2cnn3cc(-c4ccc(OCCN5CCCCC5)cc4)cnc23)cs1,7.85
1094,N#Cc1cccc(-c2c[nH]c3ncnc(N4CC5(COC5)C4)c23)c1,5.63
1095,COc1cc(N2CCN(C)CC2)ccc1Nc1nc(C)c2c(n1)N(C)c1ccccc1C(=O)N2C,6.3
1096,COc1cc(N2CCN(C)CC2)ccc1Nc1ncc2c(n1)N(C)c1ccccc1C(=O)N2CC(F)(F)F,5.16
1097,COc1cc(NS(C)(=O)=O)ccc1Nc1ncc2c(n1)N(C)c1ccccc1C(=O)N2C(C)C,6.17
1103,O=C1Nc2ccccc2/C1=N/c1ccc([N+](=O)[O-])cc1,5.14
1109,N#Cc1c[nH]c2nccc(-c3ccc(Cl)cc3)c12,5.7
1117,N#Cc1cccc(-c2c[nH]c3ncnc(N4CCCOCC4)c23)c1,6.96
1124,Cc1n[nH]c2ccnc(NC3CCCCC3)c12,6.41
1125,Cc1n[nH]c2ccnc(N3CCOCC3)c12,5.52
1126,Cc1ccc(Nc2nccc3[nH]nc(C)c23)cc1,7.01
1127,Cc1n[nH]c2ccnc(NCc3ccc(Cl)cc3)c12,5.31
1134,CC(C)n1cc(-c2n[nH]c3ccnc(OC4CCCCC4)c23)cn1,8.7
1135,CC(C)n1cc(-c2n[nH]c3ccnc(OC4CCOCC4)c23)cn1,7.96
1136,CC(C)Cn1cc(-c2n[nH]c3ccnc(OC4CCOCC4)c23)cn1,7.82
1138,COc1cc(NS(C)(=O)=O)ccc1Nc1ncc2c(n1)N(C)c1ccccc1C(=O)N2CC(F)(F)F,5.05
1146,COc1ccc2c(c1)/C(=C/c1cc3c([nH]1)CCN(C(=O)CCN)C3)C(=O)N2,7.96
1147,CCOc1cc(N2CCC(O)CC2)ccc1Nc1ncc2c(n1)N(C)c1ccccc1C(=O)N2C,7.34
1148,CN1C(=O)c2ccccc2N(C)c2nc(Nc3cccc(S(N)(=O)=O)c3)ncc21,8.21
1150,C[C@@H]1CN(c2cc(-c3n[nH]c4ccc(-c5ccnc(C#N)c5)cc34)ncn2)C[C@H](C)O1,6.76
1151,FC1(F)CCN(c2cc(-c3n[nH]c4ccc(-c5cn[nH]c5)cc34)ncn2)CC1,8.24
1152,c1cc(-c2ccc3[nH]nc(-c4cc(N5CCOCC5)ncn4)c3c2)[nH]n1,8.58
1154,CC(C)Oc1ccc2[nH]nc(-c3cc(N4CCN(C5CC5)CC4)ncn3)c2c1,8.08
1155,CC(C)Oc1ccc2[nH]nc(-c3cc(N4CCOCC4C)ncn3)c2c1,8.01
1156,CO[C@@H]1CCN(c2cc(-c3n[nH]c4ccc(OC(C)C)cc34)ncn2)C1,8.13
1157,CCOc1ccc2[nH]nc(-c3cc(N4CCN(S(C)(=O)=O)CC4)ncn3)c2c1,7.81
1158,CCOc1ccc2[nH]nc(-c3cc(N4CCN(C)C(=O)C4)ncn3)c2c1,7.43
1159,CCN1CCN(c2cc(-c3n[nH]c4ccc(OCCOC)cc34)ncn2)CC1=O,6.97
1161,COC[C@H](C)Oc1ccc2[nH]nc(-c3cc(N4CC[C@@H](OC)C4)ncn3)c2c1,8.32
1162,Cn1cc(-c2cc3c(-c4cc(N5CC[C@H](CF)C5)ncn4)n[nH]c3cc2F)cn1,7.87
1163,Cn1cc(-c2cc3c(-c4cc(N5CCCC(C)(O)C5)ncn4)n[nH]c3cc2F)cn1,7.17
1164,Cn1cc(-c2cc3c(-c4cc(N5CCN(C6CC6)CC5)ncn4)n[nH]c3cc2F)cn1,7.75
1165,CN(C)[C@@H]1CN(c2cc(-c3n[nH]c4cc(F)c(-c5cnn(C)c5)cc34)ncn2)C[C@H]1O,7.17
1166,Cn1cc(-c2ccc3[nH]nc(-c4cc(N5CCC(F)(CO)CC5)ncn4)c3c2)cn1,8.54
1167,CC(C)Oc1cc2c(-c3cc(N4CC[C@@H](CO)C4)ncn3)n[nH]c2cc1F,8.54
1168,COC[C@H](C)Oc1ccc2[nH]nc(-c3cc(N4CCN(C5CC5)CC4)ncn3)c2c1,8.39
1178,COc1ccc2c(c1)/C(=C/c1cc3c([nH]1)CCN(C(=O)N1CCOCC1)C3)C(=O)N2,8.52
1179,COc1ccc2c(c1)/C(=C/c1[nH]c(C)c(C(=O)NCCCN)c1C)C(=O)N2,7.34
1182,CCOc1cc(C(=O)N2CCC(N3CCN(C)CC3)CC2)ccc1Nc1ncc2c(n1)N(C1CCCC1)c1ccccc1C(=O)N2C,6.77
1187,COc1ccc(OC)c(Sc2ccc3nnc(C4CCOC4)n3n2)c1,5.6
1190,COc1ccc2c(c1)/C(=C/c1[nH]c3c(c1Cl)CN(C(C)=O)CC3)C(=O)N2,8.1
1204,Cc1cnc(Cl)c(-c2c[nH]c3ncnc(N4CCC[C@H](C)C4)c23)c1,7.52
1219,CCNc1nc(Nc2cnc(C(=O)N3CCOCC3)cc2OC)ncc1C(F)(F)F,7.77
1220,CNc1nc(Nc2cc(F)c(C(=O)N3CCOCC3)cc2OC)ncc1C(F)(F)F,7.8
1221,CNc1nc(Nc2ccc(C(=O)N3CCOCC3)c(F)c2OC)ncc1C(F)(F)F,7.46
1223,COc1cc(Sc2ccc3nnc(-c4cnn(C)c4)n3n2)c(OC)nn1,4.9
1233,O=C1Nc2ccc(Cl)cc2/C1=C\c1ccc(OCCN2CCOCC2)cc1,6.69
1235,NC(=O)c1ncc(N[C@@H]2CCCC[C@@H]2N)cc1-c1nc2ccccc2[nH]1,6.89
1240,CNc1nc(Nc2cn([C@H]3CCN(C4COC4)C[C@H]3F)nc2C)ncc1C(F)(F)F,7.85
1245,O=C(Nc1cccnc1)c1cc(Br)ccc1OCc1ccccc1,7.9
1246,O=C(Nc1cccnn1)c1cc(Br)ccc1OCc1ccccc1,7.3
1248,Cc1n[nH]c2ccnc(NC3CCCC3)c12,6.39
1249,CCC(=O)Nc1ccc(C(=O)Nc2ccc(Nc3ncc4c(n3)N(C)c3ccc(C)cc3C(=O)N4C)cc2)cc1,6.15
1250,O=C(Nc1cccnc1)c1cc(Cl)ccc1OCc1ccccc1,7.8
1251,N#Cc1ccc(COc2ccc(Br)cc2C(=O)Nc2cccnc2)cc1,7.2
1254,c1cc2[nH]nc(-c3cnn(C4CCCC4)c3)c2c(OC2CCOCC2)n1,8.4
1259,CCc1cc(-c2n[nH]c3ccnc(NC4CCOCC4)c23)nn1C,8.35
1262,CNc1nc(Nc2cn(C3(C#N)CC3)nc2C)ncc1C(F)(F)F,7.52
1263,COc1cc(N2CCN(C)CC2)ccc1Nc1ncc2c(n1)N(C(C)C)c1ccccc1C(=O)N2C,6.54
1265,C[C@H]1CNC(=O)c2c(SCC3CC3)sc(-c3cc[nH]n3)c21,7.51
1269,N#Cc1c[nH]c2nccc(Cl)c12,4.42
1282,Clc1cc2cnc(Nc3cnn(C45CC(C4)C5)c3Cl)nc2cc1N1CCC2(CCCO2)CC1,9.76
1283,CCC1C(C(=O)Nc2cc3cc(N4CCN(C5(C)COCC5F)CC4)c(C)cc3cn2)C1c1cnn(C)c1,10.09
1286,C[C@H]1CN(c2cc(NC(=O)c3cccc(-c4cnn(C)c4)n3)c(C(F)(F)F)cn2)CCN1C1COC1,8.82
1293,CC(CO)CN(C)c1ncnc2[nH]cc(-c3cccc(Cl)c3)c12,5.15
1319,CNc1nc(Nc2cnn(CC(C)(C)O)c2Cl)ncc1C(F)(F)F,7.55
1320,CNc1nc(Nc2cnc(C3CCOCC3)cc2OC)ncc1C(F)(F)F,7.29
1322,Cc1nn(CC(F)(F)F)cc1Nc1ncc(Br)c(NCc2ccc(S(N)(=O)=O)cc2)n1,6.8
1329,COc1ccc(OC)c(C(=O)c2ccc3nnc(-c4cnn(C)c4)n3n2)c1,5.92
1340,CCOc1nc(Nc2ccc(C(=O)N3CCN(C)CC3)cc2OC(F)F)nc2[nH]ccc12,6.8
1342,Cc1c(Nc2ncc3ccc(C4CCN(C5COC5)CC4)cc3n2)cnn1C1CCOCC1,5.17
1343,Cc1c(Nc2ncc3ccc(-c4ccn[nH]4)cc3n2)cnn1C1CCOCC1,8.77
1344,Cn1c(NCc2ccccc2)c(C#N)c2c(N)ncnc21,5.45
1345,C[C@@H]1[C@@H](O)CN1c1cc(NC(=O)c2cccc(-c3cnn(C)c3)n2)c(C(F)(F)F)cn1,8.7
1346,COC[C@H](C)Oc1ccc2[nH]nc(-c3cc(N4C[C@H](O)[C@@H](N(C)C)C4)ncn3)c2c1,8.18
1347,COc1ccc(-c2ccc3[nH]nc(-c4cc(N5CCOCC5)ncn4)c3c2)cn1,7.51
1348,COC[C@H](C)Oc1ccc2[nH]nc(-c3cc(N4CCC(F)(F)CC4)ncn3)c2c1,8.1
1349,COCCNc1cc(-c2n[nH]c3ccc(-c4cnn(C)c4)cc23)ncn1,7.83
1350,CC(C)Oc1cc2c(-c3cc(N4CCOCC4)ncn3)n[nH]c2cc1F,8.62
1351,CC(C)Oc1cc2c(-c3cc(N4CC[C@@H](N)C4)ncn3)n[nH]c2cc1F,8.14
1352,COCCOc1ccc2[nH]nc(-c3cc(N4CCN(C(C)=O)CC4)ncn3)c2c1,6.89
1353,CC(C)Oc1ccc2[nH]nc(-c3cc(N4CCCC4)ncn3)c2c1,7.86
1359,N#Cc1ccc2ncc3nc(Cc4csnn4)n([C@@H]4CC[C@H](F)C4)c3c2c1,8.01
1369,CC(C)Oc1ccc2[nH]nc(-c3cc(N4CCc5nc(C6CC6)oc5C4)ncn3)c2c1,7.37
1370,CC(C)Oc1ccc2[nH]nc(-c3cc(N4CCN(c5nnc(C6CC6)o5)CC4)ncn3)c2c1,7.85
1371,CC(C)Oc1ccc2[nH]nc(-c3cc(N4CC[C@H](F)C4)ncn3)c2c1,8.02
1372,CC(C)Oc1ccc2[nH]nc(-c3cc(N4CCN(Cc5ccncc5)CC4)ncn3)c2c1,8.09
1373,Cn1cc(-c2cc3c(-c4cc(N5CCn6ncnc6C5)ncn4)n[nH]c3cc2F)cn1,7.19
1374,Cn1cc(-c2cc3c(-c4cc(N5CC[C@@H](CO)C5)ncn4)n[nH]c3cc2F)cn1,7.43
1375,Cn1cc(-c2cc3c(-c4cc(N5CCC(F)(F)C5)ncn4)n[nH]c3cc2F)cn1,7.15
1376,Cn1cc(-c2cc3c(-c4cc(N5C[C@@H](F)[C@H](F)C5)ncn4)n[nH]c3cc2F)cn1,7.52
1377,Cn1cc(-c2cc3c(-c4cc(N5CCN(CCCO)CC5)ncn4)n[nH]c3cc2F)cn1,7.9
1378,CC(O)C1CCN(c2cc(-c3n[nH]c4ccc(-c5cnn(C)c5)cc34)ncn2)C1,8.64
1379,Cn1cc(-c2ccc3[nH]nc(-c4cc(N5CC[C@@H](CO)C5)ncn4)c3c2)cn1,8.54
1380,CC(C)Oc1cc2c(-c3cc(N4CCn5nc(C(F)(F)F)nc5C4C)ncn3)n[nH]c2cc1F,6.75
1381,C[C@@H]1CN(c2cc(-c3n[nH]c4ccc(-c5cncnc5)cc34)ncn2)C[C@H](C)O1,7.52
1382,COc1ccc(-c2ccc3[nH]nc(-c4cc(N5C[C@@H](C)O[C@@H](C)C5)ncn4)c3c2)cn1,7.39
1395,Cc1n[nH]c2ccnc(NCC3CC3)c12,5.62
1403,C[C@H]1CCCN(c2ncnc3[nH]cc(-c4ccccc4)c23)C1,7.04
1415,C[C@H]1CC1(C#N)c1ccc2cnn(-c3cc(N4CC5(C(C)(C)O)CC4C5)ncn3)c2c1,8.7
1419,CC(C)Oc1ccc2[nH]nc(-c3cc(N4CCN(C(=O)C5CC5)CC4)ncn3)c2c1,8.38
1429,CC(C)Oc1cc2c(-c3cc(N4CCN(C5CC5)CC4)ncn3)n[nH]c2cc1F,8.4
1430,CC(C)Oc1cc2c(-c3cc(N4CC5CCC(C4)O5)ncn3)n[nH]c2cc1F,7.84
1431,CCOc1ccc2[nH]nc(-c3cc(N4CCNC(=O)C4)ncn3)c2c1,7.2
1432,CCOc1ccc2[nH]nc(-c3cc(N4CCN(CC)CC4)ncn3)c2c1,7.9
1433,COCCOc1ccc2[nH]nc(-c3cc(N4CCNC(=O)C4)ncn3)c2c1,6.87
1434,O=C1C=C(c2ccc3[nH]nc(-c4cc(N5CCOCC5)ncn4)c3c2)CCC1,8.79
1438,COC1CCN(c2cc(-c3n[nH]c4ccc(-c5cnn(C)c5)cc34)ncn2)CC1,8.69
1439,CC(C)Oc1ccc2[nH]nc(-c3cc(N4C[C@H](O)[C@@H](O)[C@@H]4C)ncn3)c2c1,7.74
1440,CCC(=O)N1CCN(c2cc(-c3n[nH]c4ccc(OC(C)C)cc34)ncn2)CC1,8.37
1441,CC(C)Oc1cc2c(-c3cc(N4C[C@H](N)C[C@@H]4C)ncn3)n[nH]c2cc1F,8.12
1442,COc1ccc2[nH]nc(-c3cc(N4CCNC(=O)C4)ncn3)c2c1,7.0
1443,COCCOc1ccc2[nH]nc(-c3cc(N4CCN(C)CC4)ncn3)c2c1,7.17
1444,COCCOc1ccc2[nH]nc(-c3cc(N4CCO[C@@H](C)C4)ncn3)c2c1,7.0
1446,CCN1CCN(c2cc(-c3n[nH]c4ccc(OC(C)C)cc34)ncn2)CC1,8.22
1451,COCCn1cc(-c2ccc3[nH]nc(-c4cc(N5C[C@@H](C)O[C@@H](C)C5)ncn4)c3c2)cn1,8.74
1452,C[C@@H]1CN(c2cc(-c3n[nH]c4ccc(-c5ccc(C#N)cc5)cc34)ncn2)C[C@H](C)O1,6.75
1453,c1nc(-c2n[nH]c3ccc(-c4cn[nH]c4)cc23)cc(N2CCOCC2)n1,8.64
1454,COc1cc(-c2ccc3[nH]nc(-c4cc(N5C[C@@H](C)O[C@@H](C)C5)ncn4)c3c2)ccn1,6.81
1455,CC(C)Oc1ccc2[nH]nc(-c3cc(N4CC(n5cccn5)C4)ncn3)c2c1,7.65
1456,CC(C)Oc1ccc2[nH]nc(-c3cc(N4CCN(C(=O)c5ccco5)CC4)ncn3)c2c1,8.06
1459,O=C(Nc1ccnnc1)c1cc(N2C[C@H]3COC[C@H]3C2)ccc1OCc1ccccc1,7.3
1460,O=C(Nc1ccnnc1)c1cc(N2CC(F)(F)C2)ccc1OCc1ccccc1,7.9
1461,COC[C@H](C)Oc1ccc2[nH]nc(-c3cc(N4C[C@H](OC)[C@@H](O)C4)ncn3)c2c1,7.7
1462,CC(C)Oc1cc(N2CCC(O)CC2)ccc1Nc1ncc2c(n1)N(C)c1ccccc1C(=O)N2C,6.8
1463,COc1ncccc1-c1ccc2[nH]nc(-c3cc(N4CCOCC4)ncn3)c2c1,7.42
1464,COc1cc(N2CCN(C)CC2)ccc1Nc1ncc2c(n1)N(C)c1ccc(Cl)cc1C(=O)N2C,5.88
1465,CCN1C(=O)c2ccccc2N(C)c2nc(Nc3ccc(C(=O)NC4CCN(C)CC4)cc3OC)ncc21,7.85
1466,COc1cc(C(=O)NC2CCN(C)CC2)ccc1Nc1ncc2c(n1)N(C)c1ccccc1C(=O)N2C(C)C,6.48
1468,CC(C)Oc1cc2c(-c3cc(N4CCOCC4C)ncn3)n[nH]c2cc1F,8.26
1470,CCOc1ccc2[nH]nc(-c3cc(N4CCN(C)CC4)ncn3)c2c1,7.57
1471,CCOc1ccc2[nH]nc(-c3cc(N4CCN(C5CC5)CC4)ncn3)c2c1,7.78
1472,COC[C@H](C)Oc1ccc2[nH]nc(-c3cc(N4CCC5(CCC(=O)N5)CC4)ncn3)c2c1,8.36
1473,Cn1cc(-c2cc3c(-c4cc(N5CCN6C(=O)OCC6C5)ncn4)n[nH]c3cc2F)cn1,7.19
1474,Cn1cc(-c2cc3c(-c4cc(N5CCC(F)(C#N)CC5)ncn4)n[nH]c3cc2F)cn1,7.41
1477,CCN1CCN(c2cc(-c3n[nH]c4cc(F)c(OC(C)C)cc34)ncn2)CC1=O,8.38
1479,N#CC1CCN(c2cc3cc(NC(=O)C4CC4c4cncnc4)ncc3cc2Cl)CC1,10.09
1511,Cn1cc(-c2ccc3[nH]nc(-c4cc(N5CCc6nccnc6C5)ncn4)c3c2)cn1,8.57
1512,CC(C)Oc1cc2c(-c3cc(N4CC[C@H](CO)C4)ncn3)n[nH]c2cc1F,7.99
1513,COC[C@H](C)Oc1ccc2[nH]nc(-c3cc(N4CCOC[C@H]4C)ncn3)c2c1,7.7
1514,O=S(=O)(c1ccc(-c2ccc3[nH]nc(-c4cc(N5CCOCC5)ncn4)c3c2)cc1)N1CCCC1,6.04
1515,COc1ncccc1-c1ccc2[nH]nc(-c3cc(N4C[C@@H](C)O[C@@H](C)C4)ncn3)c2c1,6.8
1516,CC(C)=Cc1ccc2[nH]nc(-c3cc(N4CCO[C@H](C)C4)ncn3)c2c1,7.79
1517,COCCOC1CCN(c2cc(-c3n[nH]c4ccc(-c5cnn(C)c5)cc34)ncn2)CC1,8.73
1518,CC(C)Oc1ccc2[nH]nc(-c3cc(N4CCC5(CCCO5)CC4)ncn3)c2c1,8.38
1522,Cn1cc(-c2ccc3[nH]nc(-c4cc(N5CCN(C6CC6)CC5)ncn4)c3c2)cn1,8.58
1523,CN(C)[C@H]1CCN(c2cc(-c3n[nH]c4ccc(-c5cnn(C)c5)cc34)ncn2)C1,8.34
1526,COCC1CN(c2cc(-c3n[nH]c4cc(F)c(OC(C)C)cc34)ncn2)CCO1,8.54
1527,CC(C)Oc1cc2c(-c3cc(N4CCS(=O)(=O)CC4)ncn3)n[nH]c2cc1F,7.62
1528,COC[C@H](C)Oc1ccc2[nH]nc(-c3cc(N4CC(OC)C4)ncn3)c2c1,8.25
1533,CNc1nc(Nc2cnn(C3CCN(C4COC4)CC3)c2C)ncc1C(F)(F)F,7.7
1534,CNc1nc(Nc2cnn(C3CCOCC3)c2C)ncc1C(F)(F)F,7.96
1535,CNc1nc(Nc2cnn(C3(C#N)CC3)c2Cl)ncc1C(F)(F)F,7.66
1545,CC(C)CN(CC(=O)NCCCCCCNC(=O)c1ccc(-c2n[nH]c3ccccc23)cc1)C(=O)CNC(=O)C1COc2ccccc2C1,7.92
1548,N#CC1(c2ccc3cnn(-c4cc(N5CC[C@@H](O)[C@@H](F)C5)ncn4)c3c2)CC2(CC2)C1,8.36
1549,CC1(O)CC2(CN(c3cc(-n4ncc5ccc(C6(C#N)CC7(CC7)C6)cc54)ncn3)C2)C1,9.0
1550,CC(C)(O)C1CN(c2cc(-n3ncc4ccc(C5(C#N)CC6(CC6)C5)cc43)ncn2)C1,8.59
1551,COc1ccc2c(c1)/C(=C\c1cc(Br)c(O)c(Br)c1)C(=O)N2,7.51
1554,O=C1Nc2ccc(-c3ccccc3)cc2/C1=C\c1cc(Br)c(O)c(Br)c1,6.69
1559,Nc1cc(-c2n[nH]c3ccc(Nc4ccccc4)cc23)ccn1,6.14
1561,Cc1n[nH]c2ccnc(OC3CCC3)c12,6.77
1564,CCc1nc2cnc3ccc(Cl)cc3c2n1[C@H]1CCO[C@@H](CC#N)C1,5.82
1566,Cn1cc(NC(=O)c2cnn3cccnc23)c(-c2cc(Cl)ccc2OC(F)F)n1,7.09
1568,COc1cc(N2CCN(C)CC2)ccc1Nc1ncc2c(n1)N(C)c1cc(Cl)ccc1C(=O)N2C,5.43
1569,O=C(Nc1c[nH]nc1-c1cc(Cl)ccc1OC(F)F)c1cncc2c[nH]nc12,7.1
1571,CN1C(=O)c2ccccc2N(C)c2nc(Nc3ccc(S(N)(=O)=O)cc3)ncc21,8.15
1572,CC(C)Oc1ccc2[nH]nc(-c3cc(N4CC[C@H](N)C4)ncn3)c2c1,8.18
1573,CC(C)Oc1ccc2[nH]nc(-c3cc(N4C[C@@H]5C[C@H]4CO5)ncn3)c2c1,8.23
1576,COC[C@H](C)Oc1ccc2[nH]nc(-c3cc(N4CCN(C)C(=O)C4)ncn3)c2c1,7.96
1577,FC1(F)CCN(c2cc(-c3n[nH]c4ccc(-c5ccsc5)cc34)ncn2)CC1,6.46
1578,Cc1ccc(-c2ccc3[nH]nc(-c4cc(N5CCOCC5)ncn4)c3c2)cc1,6.6
1590,CC(=O)NC1CCN(c2ncnc3[nH]cc(-c4cccc(Cl)c4)c23)CC1,5.86
1592,C[C@@H]1COCCN1c1ccc(OCc2ccccc2)c(C(=O)Nc2ccnnc2)c1,7.7
1593,O=C(Nc1ccnnc1)c1cc(N2CCCC2)ccc1OCc1ccccc1,7.7
1597,CC(C)(O)[C@@H]1CCN(c2cc(-n3ncc4ccc(C5(C#N)CC6(CC6)C5)cc43)ncn2)C1,9.05
1603,Cc1ccc(-c2cc3nccnc3c(NCCCCN)n2)cc1,5.9
1604,C[C@H]1CN(c2cc(-n3ncc4ccc(C5(C#N)CC6(CC6)C5)cc43)ncn2)CCN1C1COC1,9.0
1605,Cc1nc(N2CCN3CCOC[C@@H]3C2)cc(-n2ncc3cnc(C4(C#N)CC5(CC5)C4)cc32)n1,7.7
1608,O=C(Nc1cccnc1)c1cc(C(F)(F)F)ccc1OCc1ccccc1,7.9
1609,CN1CCN(Cc2ccc(-c3cnc4[nH]cc(-c5ccc6[nH]ccc6c5)c4c3)cc2)CC1,7.96
1612,CN(C)c1ncnc2nc[nH]c12,5.47
1614,CC(C)(O)Cn1cc(-c2n[nH]c3ccnc(OC4CCOCC4)c23)cn1,7.89
1615,O=C(Nc1cccnc1)c1cc(Br)ccc1OCc1ccc(F)cc1,8.1
1616,O=C(Nc1cccc(Cl)c1)c1cc(Br)ccc1OCc1ccccc1,7.6
1621,CC(C)c1nc(-c2n[nH]c3ccnc(NC4CCOCC4)c23)n[nH]1,7.46
1626,CC(C)N1CCN(c2cc(-c3n[nH]c4ccc(-c5cnn(C)c5)cc34)ncn2)CC1,9.14
1629,O=C(Nc1c[nH]nc1-c1cc2ccccc2cc1OC(F)F)c1cnn2cccnc12,6.75
1633,NC(=O)c1ncc(N[C@@H]2CCCC[C@@H]2N)nc1-c1nc2ccccc2[nH]1,6.89
1637,CC(Oc1ccc(Br)cc1C(=O)Nc1cccnc1)c1ccccc1,7.4
1641,COc1ccc2[nH]nc(-c3cc(N4CC5CCC(C4)O5)ncn3)c2c1,6.83
1642,CC(C)Oc1ccc2[nH]nc(-c3cc(N4CC(S(C)(=O)=O)C4)ncn3)c2c1,7.88
1644,OC1(c2cncs2)CCN(c2cc3c(cnn3-c3cnn(C4CC4)c3)cc2Cl)CC1,7.01
1648,CO[C@H]1CN(c2cc(-c3n[nH]c4ccc(-c5cnn(C)c5)cc34)ncn2)C[C@@H]1O,8.22
1649,CC(C)Oc1ccc2[nH]nc(-c3cc(N4CCN(CCF)C(=O)C4)ncn3)c2c1,8.48
1652,CC(C)Oc1ccc2[nH]nc(-c3cc(N4C[C@H](F)[C@@H](F)C4)ncn3)c2c1,7.96
1653,CC(C)Oc1ccc2[nH]nc(-c3cc(N4CCc5oc(C6CC6)nc5C4)ncn3)c2c1,7.52
1655,CC(C)Oc1ccc2[nH]nc(-c3cc(N4CCN(C)CC4)ncn3)c2c1,8.27
1661,c1ncc(-c2ccc3[nH]nc(-c4cc(N5CCOCC5)ncn4)c3c2)cn1,7.39
1683,Clc1cccc(-c2c[nH]c3ncnc(N4CCCCC4)c23)c1,5.94
1684,OCCCNc1ncnc2[nH]cc(-c3cccc(Cl)c3)c12,5.6
1687,CN1CC2(CCN(c3ccc(OCc4ccccc4)c(C(=O)Nc4ccnnc4)c3)CC2)C1,7.2
1688,O=C(Nc1ccnnc1)c1cc(N2CCC(F)CC2)ccc1OCc1ccccc1,7.4
1702,COc1cccc(Sc2ccc3nnc(-c4ccccc4)n3n2)c1,5.68
1703,CC1NN=CC1Nc1ncc2cc(Cl)c(N3CCC(C)(O)C(C)C3)cc2n1,10.19
1706,c1ccc(-c2n[nH]c3ccnc(NC4CCOCC4)c23)nc1,7.39
1708,Cc1n[nH]c2ccnc(O[C@@H]3CCOC3)c12,6.6
1709,CC(C)Cn1cc(-c2n[nH]c3ccnc(NC4CCOCC4)c23)cn1,6.39
1710,Cc1nn(CC(F)(F)F)cc1Nc1ncc(C2CC2)c(NCCCNC(=O)C2CCC2)n1,7.72
1711,CC(=O)Nc1ccc(/C=C2/C(=O)Nc3ccc(Cl)cc32)cc1,5.0
1712,OC1CCN(c2ncnc3[nH]cc(-c4cccc(Cl)c4)c23)CC1,5.87
1713,COC[C@H](C)Oc1ccc2[nH]nc(-c3cc(N4CC5CCC(C4)O5)ncn3)c2c1,8.0
1714,c1cnc(-c2ccc3[nH]nc(-c4cc(N5CCOCC5)ncn4)c3c2)cn1,7.46
1716,COC[C@H](C)Oc1ccc2[nH]nc(-c3cc(N4CC(F)(F)C4)ncn3)c2c1,8.12
1717,COC[C@H](C)Oc1ccc2[nH]nc(-c3cc(N4CCc5oc(C)nc5C4)ncn3)c2c1,8.08
1718,COc1cnc(-c2ccc3[nH]nc(-c4cc(N5C[C@@H](C)O[C@@H](C)C5)ncn4)c3c2)cn1,7.2
1720,N#CC1CCN(c2ccc(OCc3ccccc3)c(C(=O)Nc3ccnnc3)c2)CC1,8.0
1722,O=C(Nc1ccnnc1)c1cc(N2CCC(O)CC2)ccc1OCc1ccccc1,7.4
1723,O=C(Nc1ccnnc1)c1cc(N2CCCCC2)ccc1OCc1ccccc1,7.6
1725,O=C(Nc1nc2ccc(Cl)cc2s1)c1ccc(N2CCOCC2)cc1,6.43
1726,CC(=O)Nc1ccc2c(c1)/C(=C/c1cc3c([nH]1)CCN(C(=O)N1CCOCC1)C3)C(=O)N2,8.4
1727,COc1ccc2c(c1)/C(=C/c1cc3c([nH]1)CCN(C(C)=O)C3)C(=O)N2,7.85
1729,Cc1nnc(-c2cc(-c3ccc4[nH]ccc4c3)cnc2N)o1,5.44
1733,CC(C)Oc1cc2c(-c3cc(N4CCC(F)(F)C4)ncn3)n[nH]c2cc1F,8.21
1736,N#Cc1ccc2[nH]nc(-c3ccnc(N4CCOCC4)c3)c2c1,7.19
1737,c1ccc2c(-c3ccnc(N4CCOCC4)c3)n[nH]c2c1,7.92
1738,O=C(Nc1ccnnc1)c1cc(N2CCC(CO)CC2)ccc1OCc1ccccc1,7.7
1739,O=C(Nc1ccnnc1)c1cc(N2CC(F)C2)ccc1OCc1ccccc1,7.6
1740,CC1(N2CCC(c3cc4c(cnn4-c4cnn(C56CC(C5)C6)c4)cc3Cl)CC2)COC1,9.15
1742,Cn1cc(-c2ccc3[nH]nc(-c4cc(N5CCOC6(CC6)C5)ncn4)c3c2)cn1,8.7
1749,COC[C@H](C)Oc1ccc2[nH]nc(-c3cc(N4CCOC[C@@H]4C)ncn3)c2c1,8.22
1750,C[C@@H]1CN(c2cc(-c3n[nH]c4ccc(-c5ccc6ncnn6c5)cc34)ncn2)C[C@H](C)O1,6.62
1751,Cc1n[nH]c2ccnc(Nc3ccccc3F)c12,6.82
1752,Cc1n[nH]c2cncc(NC3CCCCC3)c12,6.11
1768,CC(C)n1cc(-c2n[nH]c3ccnc(NC4CCOCC4)c23)nn1,7.31
1773,c1cc(-c2n[nH]c3ccnc(OC4CCOCC4)c23)cc(N2CCCC2)n1,8.52
1774,COC[C@@H](C)Oc1ccc2[nH]nc(-c3cc(N4CCO[C@H](C)C4)ncn3)c2c1,7.45
1775,COC1CCCN(c2cc(-c3n[nH]c4ccc(OC(C)C)cc34)ncn2)C1,7.9
1776,CC(C)Oc1ccc2[nH]nc(-c3cc(N4CCC(C#N)CC4)ncn3)c2c1,8.14
1777,Cn1cc(-c2ccc3[nH]nc(-c4cc(N5CC[C@@H](CF)C5)ncn4)c3c2)cn1,8.64
1778,Cn1cc(-c2ccc3[nH]nc(-c4cc(N5CC[C@H](CO)C5)ncn4)c3c2)cn1,8.6
1779,COC[C@H](C)Oc1ccc2[nH]nc(-c3cc(N4[C@H](C)COC[C@@H]4C)ncn3)c2c1,8.13
1781,CC(C)Oc1ccc2[nH]nc(-c3cc(N4CCCCC4)ncn3)c2c1,7.97
1782,CC(C)Oc1ccc2[nH]nc(-c3cc(N4C[C@H](O)[C@@H](N(C)C)C4)ncn3)c2c1,7.82
1783,Cn1cc(-c2cc3c(-c4cc(N5CCc6oncc6C5)ncn4)n[nH]c3cc2F)cn1,6.34
1784,CC(C)Oc1cc2c(-c3cc(N4CCn5ncnc5C4)ncn3)n[nH]c2cc1F,8.15
1785,CC(C)Oc1cc2c(-c3cc(N4CCOC(C)(C)C4)ncn3)n[nH]c2cc1F,8.21
1786,N#Cc1cc(-c2ccc3[nH]nc(-c4cc(N5CCOCC5)ncn4)c3c2)ccn1,6.47
1787,N#Cc1ccc(-c2ccc3[nH]nc(-c4cc(N5CCOCC5)ncn4)c3c2)cc1,6.82
1788,Cc1ncc(-c2ccc3[nH]nc(-c4cc(N5C[C@@H](C)O[C@@H](C)C5)ncn4)c3c2)nc1C,7.76
1798,COCCOc1ccc2[nH]nc(-c3cc(N4CCN(S(C)(=O)=O)CC4)ncn3)c2c1,7.19
1799,Cc1n[nH]c2ccnc(Nc3cnn(C)c3)c12,6.08
1800,CC[C@H](C)Nc1nccc2[nH]nc(C)c12,6.52
1801,O=C(Nc1ncco1)c1cc(Br)ccc1OCc1ccccc1,5.6
1802,O=C(Nc1cccnc1)c1cc(F)ccc1OCc1ccccc1,7.4
1803,Cn1cc(-c2ccc(OCc3ccccc3)c(C(=O)Nc3cccnc3)c2)cn1,8.1
1804,O=C(Nc1cccnc1)c1cc(-c2cn[nH]c2)ccc1OCc1ccc(F)cc1,8.0
1816,Cc1n[nH]c2ccnc(NC(C)C)c12,6.06
1818,O=C(Nc1c[nH]nc1-c1cc(Cl)ccc1OC(F)F)c1cnn2cccnc12,7.75
1822,COc1cc(-c2cnc3[nH]cc(-c4ccc5[nH]ccc5c4)c3c2)cc(OC)c1OC,7.46
1830,COc1ccc(OC)c(Sc2ccc3nnc(C4CCN(C)C4)n3n2)c1,4.9
1831,Cc1n[nH]c2ccnc(N(C)C3CCCCC3)c12,5.8
1832,Cn1cc(-c2ccc(OCc3ccc(F)cc3)c(C(=O)Nc3cccnc3)c2)cn1,8.0
1843,Cn1cc(-c2cc3c(-c4cc(N5CC[C@H](CO)C5)ncn4)n[nH]c3cc2F)cn1,7.43
1844,Cn1cc(-c2ccc3[nH]nc(-c4cc(N5CCCC6(CCO6)C5)ncn4)c3c2)cn1,7.96
1847,COC[C@@H](C)Oc1ccc2[nH]nc(-c3cc(N4C[C@@H](C)O[C@@H](C)C4)ncn3)c2c1,7.41
1848,COC[C@H](C)Oc1ccc2[nH]nc(-c3cc(N4C[C@@H](C)O[C@@H](C)C4)ncn3)c2c1,8.77
1849,COC[C@H](C)Oc1ccc2[nH]nc(-c3cc(N4CCC5(CC4)CC(=O)N(C)C5)ncn3)c2c1,8.54
1851,CC(C)Oc1ccc2[nH]nc(-c3cc(N4CCC(O)CC4)ncn3)c2c1,8.23
1853,CCc1nnc2n1CCN(c1cc(-c3n[nH]c4ccc(OC(C)C)cc34)ncn1)C2,8.07
1854,CC(C)Oc1cc2c(-c3cc(N4CCN(CCCO)CC4)ncn3)n[nH]c2cc1F,8.51
1855,Cn1nccc1-c1ccc2[nH]nc(-c3cc(N4CCOCC4)ncn3)c2c1,7.34
1856,CC(C)=Cc1ccc2[nH]nc(-c3cc(N4C[C@@H](C)O[C@@H](C)C4)ncn3)c2c1,7.69
1857,Cc1n[nH]c(C)c1-c1ccc2[nH]nc(-c3cc(N4CCO[C@H](C)C4)ncn3)c2c1,8.49
1860,N#Cc1c[nH]c2ncccc12,4.33
1861,COc1ccncc1-c1ccc2[nH]nc(-c3cc(N4CCN(C(C)C)CC4)ncn3)c2c1,8.9
1867,CC(C)Oc1ccc2[nH]nc(-c3cc(N4CC(n5cnnc5)C4)ncn3)c2c1,7.7
1868,CC(C)Oc1ccc2[nH]nc(-c3cc(N4CC[C@@H](F)C4)ncn3)c2c1,8.06
1869,CC(C)Oc1ccc2[nH]nc(-c3cc(N4CCN(c5ncccn5)CC4)ncn3)c2c1,7.93
1870,CC(C)Oc1ccc2[nH]nc(-c3cc(N4CCC(C(C)(C)O)CC4)ncn3)c2c1,8.27
1871,Cn1cc(-c2cc3c(-c4cc(N5CCc6nccnc6C5)ncn4)n[nH]c3cc2F)cn1,7.96
1872,C[C@@H]1CN(c2cc(-c3n[nH]c4ccc(-c5cnn(C)c5)cc34)ncn2)CCO1,8.72
1873,CO[C@H]1CCN(c2cc(-c3n[nH]c4ccc(-c5cnn(C)c5)cc34)ncn2)C1,8.59
1874,CC(C)Oc1cc2c(-c3cc(N4[C@H](C)COC[C@H]4C)ncn3)n[nH]c2cc1F,7.21
1875,COC[C@H](C)Oc1ccc2[nH]nc(-c3cc(N4CCn5ncnc5C4)ncn3)c2c1,7.7
1876,COCC1CN(c2cc(-c3n[nH]c4ccc(O[C@@H](C)COC)cc34)ncn2)CCO1,8.44
1877,COC[C@H](C)Oc1ccc2[nH]nc(-c3cc(N4CCOC(C)(C)C4)ncn3)c2c1,8.28
1878,CC(C)N1CCN(c2cc(-c3n[nH]c4ccc(-c5cccs5)cc34)ncn2)CC1,7.21
1879,CC(C)N1CCN(c2cc(-c3n[nH]c4ccc(-c5ccoc5)cc34)ncn2)CC1,8.04
1880,CC(C)Oc1ccc2[nH]nc(-c3cc(N4CCOC5(CC5)C4)ncn3)c2c1,8.39
1881,CC(C)Oc1ccc2[nH]nc(-c3cc(N4CCN(C(C)C)CC4)ncn3)c2c1,8.12
1882,COCCN(C)c1cc(-c2n[nH]c3ccc(OC(C)C)cc23)ncn1,7.18
1883,CC(C)Oc1ccc2[nH]nc(-c3cc(N4CCN(S(=O)(=O)C5CC5)CC4)ncn3)c2c1,8.26
1885,Cc1cc(-c2ccc3nc(Nc4ccccc4)nn3c2)cc(C)c1O,7.7
1888,O=C(Nc1ccnnc1)c1cc(Br)ccc1OCc1ccccc1,7.7
1889,COc1cccc(NC(=O)c2cc(Br)ccc2OCc2ccccc2)c1,6.9
1890,Cc1ccc(OCc2ccccc2)c(C(=O)Nc2cccnc2)c1,7.9
1891,O=C(Nc1cccnc1)c1cc(-c2ccncc2)ccc1OCc1ccccc1,8.0
1892,COc1cccc(OCc2cc(C)ccn2)c1-c1ccc2c(c1)CCNCC2,5.4
1903,FC(F)(F)c1cccc(Oc2ccc3nnc(-c4ccccc4)n3n2)c1,5.81
1904,Cc1cc2nnc(-c3cccs3)n2nc1Sc1cccc(C(F)(F)F)c1,5.68
1905,Cc1n[nH]c2ccnc(OC3CCCCC3)c12,7.17
1906,CCOc1nccc2[nH]nc(C)c12,6.36
1907,Cc1n[nH]c2ccnc(OC(C)C)c12,7.17
1910,CC(C)Oc1cc2c(-c3cc(N4CCO[C@H](C)C4)ncn3)n[nH]c2cc1F,8.54
1911,CC(C)Oc1ccc2[nH]nc(-c3cc(N4CC[C@@H](N)C4)ncn3)c2c1,8.06
1912,CCN1CCN(c2cc(-c3n[nH]c4cc(F)c(OC(C)C)cc34)ncn2)CC1,8.53
1913,CC(C)Oc1cc2c(-c3cc(N4CCN(C)[C@@H](C)C4)ncn3)n[nH]c2cc1F,8.92
1914,CC(C)Oc1cc2c(-c3cc(N4CC[C@H](N)C4)ncn3)n[nH]c2cc1F,7.98
1915,C[C@@H]1CN(c2cc(-c3n[nH]c4ccc(-c5ccnn5C)cc34)ncn2)C[C@H](C)O1,7.49
1916,CS(=O)(=O)N1CCN(c2cc(-c3n[nH]c4ccc(-c5cccnc5)cc34)ncn2)CC1,8.14
1917,COc1cc(N2CCC(O)CC2)ccc1Nc1ncc2c(n1)N(C)c1ccccc1C(=O)N2C,7.85
1918,COc1cc(C(=O)N2CCN(C3CCN(C)CC3)CC2)ccc1Nc1ncc2c(n1)N(C)c1ccccc1C(=O)N2C,8.3
1919,COc1cc(N2CCN(C)CC2)ccc1Nc1ncc2c(n1)N(C1CCC1)c1ccccc1C(=O)N2C,7.01
1920,COc1cc(N2CCN(C)CC2)ccc1Nc1ncc2c(n1)N(C)c1ccc(C)cc1C(=O)N2C,6.03
1921,COc1cc(N2CCN(C)CC2)ccc1Nc1ncc2c(n1)N(C)c1ccccc1C(=O)N2,7.16
1946,C[C@@H]1CN(c2cc(-c3n[nH]c4ccc(-c5cn[nH]c5)cc34)ncn2)C[C@H](C)O1,8.87
1959,N#Cc1cccc(NC(=O)c2cc(C(F)(F)F)ccc2OCc2ccc(F)cc2)c1,8.1
1960,O=C(Nc1cccc(F)c1)c1cc(C(F)(F)F)ccc1OCc1ccc(F)cc1,7.5
1961,CC(C)Oc1cc2c(-c3cc(N4C[C@H](F)[C@@H](F)C4)ncn3)n[nH]c2cc1F,8.32
1962,CC(C)Oc1ccc2[nH]nc(-c3cc(N4CCC(C(=O)O)CC4)ncn3)c2c1,8.35
1963,COc1ccc2[nH]nc(-c3cc(N4C[C@@H](C)O[C@@H](C)C4)ncn3)c2c1,7.53
1964,COc1ccc2[nH]nc(-c3cc(N4CCN(C(C)=O)CC4)ncn3)c2c1,7.13
1965,COc1ccc2[nH]nc(-c3cc(N4CCN(C)CC4)ncn3)c2c1,7.55
1979,O=C(Nc1nc2ccc(F)cc2s1)c1ccccc1,6.28
1980,CC(C)Oc1ccc2[nH]nc(-c3cc(N4CCO[C@@H](C)C4)ncn3)c2c1,7.67
1981,CC(C)Oc1ccc2[nH]nc(-c3cc(N4CCN(C(C)C)C(=O)C4)ncn3)c2c1,8.28
1982,CC(C)Oc1cc2c(-c3cc(N4CCN(CCO)CC4)ncn3)n[nH]c2cc1F,8.78
1983,CC(C)Oc1cc2c(-c3cc(N4CCN(C)C(=O)C4)ncn3)n[nH]c2cc1F,8.66
1984,COc1ccc2[nH]nc(-c3cc(N4C[C@H](F)[C@@H](F)C4)ncn3)c2c1,7.16
1993,Cc1[nH]nc2ccnc(OC3CCCC3)c12,7.07
1997,C=CC(=O)Nc1ccc(C(=O)Nc2ccc(Nc3ncc4c(n3)N(C)c3ccc(C)cc3C(=O)N4C)cc2)cc1,6.12
2031,Cc1sc(C(=O)N[C@@H]2[C@H](N)CCCC2(F)F)cc1-c1cnn2cc(Cl)cnc12,7.21
2049,COc1ccc2c(c1)/C(=C/c1cc3c([nH]1)CCN(C(=O)N1CCN(C)CC1)C3)C(=O)N2,8.05
2053,COc1ccc2[nH]nc(-c3ccnc(N4CCOCC4)c3)c2c1,7.82
2054,O=S(=O)(c1ccc2[nH]nc(-c3ccnc(N4CCOCC4)c3)c2c1)C1CC1,7.75
2055,c1cc(-c2n[nH]c3ccc(C4CC4)cc23)cc(N2CCOCC2)n1,7.89
2056,COCCNc1cc(-c2n[nH]c3ccccc23)ccn1,7.01
2057,c1ccc(-c2n[nH]c3ccccc23)nc1,5.21
2060,Cc1c(Nc2ncc3cc(Cl)c(C4CCN(C5COC5)CC4)cc3n2)cnn1C1CC1,9.19
2063,Cc1c(Nc2ncc3cccc(C4CC4)c3n2)cnn1C1CCOCC1,9.0
2065,Cc1ccc(-c2cnc(N)c(-c3cn[nH]c3)c2)cc1,4.89
2066,CCc1nnc(-c2cc(-c3ccc4[nH]ccc4c3)cnc2N)o1,5.54
2072,CN1CCN(c2ccc(OCc3ccccc3)c(C(=O)Nc3ccnnc3)c2)CC1,7.9
2073,C[C@@H]1CN(c2ccc(OCc3ccccc3)c(C(=O)Nc3ccnnc3)c2)C[C@H](C)O1,7.7
2074,O=C(Nc1cccc(Cl)c1)c1cc(C(F)(F)F)ccc1OCc1ccccc1,7.6
2099,CNC1CCN(c2ncnc3[nH]cc(-c4cccc(Cl)c4)c23)CC1,5.45
2115,COc1ccc2c(c1)OCC(C(=O)NC(=O)N(CC(=O)NCCCCCCNC(=O)c1ccc(-c3n[nH]c4ccccc34)cc1)CC(C)C)O2,7.0
2123,C[C@@H]1CN(c2cc(-c3ncc4ccc(-c5cnn(C)c5)cn34)ccn2)C[C@H](C)O1,6.79
2138,CO[C@H]1COC[C@H]1N1CCN(c2cc3c(cnn3-c3cnn(C45CC(C4)C5)c3)cc2Cl)CC1,6.98
2139,[2H]C([2H])([2H])OCC12CC(n3cc(-n4ncc5cc(Cl)c(N6CCN([C@]7(C)COC[C@@H]7O)CC6)cc54)cn3)(C1)C2,6.8
2140,Cc1cc2cnn(-c3cnn(C45CC(C4)C5)c3)c2cc1N1CCN([C@@H]2COC[C@@H]2O)CC1,6.59
2141,C[C@@]1(N2CCN(c3cc4c(cnn4-c4cnn(C56CC(C5)C6)c4)cc3Cl)CC2)CC[C@H]1O,6.81
2142,COc1cc(N2CCOCC2)ccc1Nc1ncc2c(n1)N(C)c1ccccc1C(=O)N2C,7.51
2148,CN(CCO)c1ncnc2[nH]cc(-c3cccc(Cl)c3)c12,5.82
2178,C[C@@H]1CN(c2cc(-n3ncc4ccc(CC5(C#N)CCC5)cc43)ncn2)C[C@H](C)N1C,6.56
2190,Clc1cccc(-c2c[nH]c3nccc(N4CCOCC4)c23)c1,6.92
2203,Clc1cc2cnc(Nc3cnn(C4CC4)c3Cl)nc2cc1N1CCN(C2COC2)CC1,8.59
2204,c1cc(C2CC2)c2nc(Nc3cnn(C4CCOCC4)c3)ncc2c1,7.82
2222,CC1(C2CCOC2)CC1C(=O)Nc1cc2cc(N3CCN(C4(C)COCC4O)CC3)c(Cl)cc2cn1,10.0
2223,Cn1ncc(C2CC2C(=O)Nc2cc3cc(N4CCN(C5(C)COCC5O)CC4)c(Cl)cc3cn2)n1,10.09
2228,CC(C)(C)Cn1cc(Nc2ncc3cc(Cl)c(N4CCC(C5(C)COC5)CC4)cc3n2)cn1,9.73
2236,C[C@@H]1CCCN1c1c(C#N)c2c(N)nc(Nc3cn[nH]c3)nc2n1C,8.22
2262,COCCOc1ccc2[nH]nc(-c3cc(N4C[C@H](F)[C@@H](F)C4)ncn3)c2c1,6.86
2263,COC[C@H](C)Oc1ccc2[nH]nc(-c3cc(N4CCN(S(C)(=O)=O)CC4)ncn3)c2c1,8.35
2264,COC[C@H](C)Oc1ccc2[nH]nc(-c3cc(N4CCN(C)CC4)ncn3)c2c1,8.68
2266,c1nc(-c2n[nH]c3ccc(-c4ccoc4)cc23)cc(N2CCOCC2)n1,7.72
2267,COc1ccncc1-c1ccc2[nH]nc(-c3cc(N4CCOCC4)ncn3)c2c1,8.76
2268,COc1ccncc1-c1ccc2[nH]nc(-c3cc(N4CCN(S(C)(=O)=O)CC4)ncn3)c2c1,8.8
2271,CN1CCN(c2cc(-c3n[nH]c4ccc(-c5cnn(C)c5)cc34)ncn2)CC1,8.54
2272,CC(=O)N1CCN(c2cc(-c3n[nH]c4ccc(-c5cnn(C)c5)cc34)ncn2)CC1,8.5
2275,CCCN1CCN(c2cc(-c3n[nH]c4ccc(OC(C)C)cc34)ncn2)CC1=O,8.36
2276,CC(C)Oc1cc2c(-c3cc(N4CCN(C)[C@H](C)C4)ncn3)n[nH]c2cc1F,8.89
2277,CC(C)Oc1cc2c(-c3cc(N4CCN(C(C)C)C(=O)C4)ncn3)n[nH]c2cc1F,8.51
2278,COc1ccc2[nH]nc(-c3cc(N4CCN(C5CC5)CC4)ncn3)c2c1,7.59
2279,CCOc1ccc2[nH]nc(-c3cc(N4CCN(C(C)=O)CC4)ncn3)c2c1,7.75
2280,CC1(N2CCN(c3cc4cc(NC(=O)C5CC5c5cccs5)ncc4cc3Cl)CC2)COCC1O,10.09
2318,Nc1[nH]cnc2ncnc1-2,4.8
2345,O=C(Nc1cccc(Cl)c1)c1cc(C(F)(F)F)ccc1OCc1ccc(F)cc1,7.9
2352,CC1(O)CCN(c2cc3nc(Nc4cnn(C5CC5)c4Cl)ncc3cc2Cl)C1,9.77
2367,CC(C#N)(c1ccc2cnn(-c3cc(N4CC5(C(C)(C)O)CC4C5)ncn3)c2c1)C1CC1,6.52
2371,C[C@@]1(N2CC[C@@H](c3cc4cc(NC(=O)C5CC56CC6)ncc4cc3Cl)[C@H](F)C2)COC[C@@H]1O,10.09
2379,CCOC1CC1C(=O)Nc1cc2cc(N3CCN(C4(C)COCC4O)CC3)c(Cl)cc2cn1,10.08
2395,CC1=C(C(=S)Nc2ccc3[nH]ncc3c2)Cn2nnnc2N1C,7.82
2402,CC1(N2CCC(c3cc4cc(NC(=O)Cc5ccncc5)ncc4cc3Cl)CC2)COCC1O,10.09
2403,Cc1cc2cnc(NC(=O)C3CC34CCOCC4)cc2cc1C1CCN(C2(C)COCC2O)CC1,10.09
2405,Cn1cc(-c2cc3c(-c4cc(N5CCCC(F)(F)C5)ncn4)n[nH]c3cc2F)cn1,7.63
2407,C[C@@H]1CN(c2cc(-c3nn(C)c4ccc(OC5(C)CC5)cc34)ncn2)C[C@H](C)O1,5.19
2414,COCCN1CCC(c2ccc(OCc3ccccc3)c(C(=O)Nc3ccnnc3)c2)CC1,7.2
2415,CN1CCC(c2ccc(OCc3ccccc3)c(C(=O)Nc3ccnnc3)c2)CC1,7.7
2416,CN1CC2(C1)CN(c1ccc(OCc3ccccc3)c(C(=O)Nc3ccnnc3)c1)C2,7.6
2418,O=C(Nc1ccnnc1)c1cc(N2CCNCC2)ccc1OCc1ccccc1,7.8
2419,O=C(Nc1ccnnc1)c1cc(C(F)(F)F)ccc1OCc1ccccc1,7.8
2433,CC1=C(C(=O)Nc2ccc3c(c2)CC(=O)N3)Cn2nnnc2N1C,5.2
2435,N#Cc1ccc2c(c1)CCC[C@@H]2Nc1ccc2[nH]nc(-c3ccnc(N4CCOCC4)c3)c2c1,8.1
2438,Cc1cc(-c2n[nH]c3ccc(N[C@H]4CCCc5cc(C#N)ccc54)cc23)ccn1,8.1
2444,Cc1cc(-c2n[nH]c3ccc(N[C@H]4CCCc5cc(C#N)ccc54)cc23)cc(C)n1,7.96
2484,CC(C)(O)Cn1ncc(Nc2ncc3cc(Cl)c(C4CCN(C5COC5)CC4)cc3n2)c1Cl,9.1
2500,CC1=C(C(=O)Nc2ccc3[nH]nc(-c4ccnc(N5CCOCC5)c4)c3c2)[C@H](C)n2nnnc2N1C,9.0
2501,CCCC(=O)Nc1n[nH]c2ccc(NC(=O)C3=C(C)N(C)c4nnnn4C3)cc12,5.92
2515,Nc1ncnc2[nH]ncc12,4.58
2545,Clc1cc2cnn(-c3cnn(C4CCC4)c3)c2cc1C1CCN(C2COC2)CC1,9.05
2547,Cn1ncc(C2CC2C(=O)Nc2cc3cc(C4CCN(C5(C)COCC5O)CC4)c(Cl)cc3cn2)n1,10.09
2548,CC1(N2CCC(c3cc4cc(NC(=O)C5CC5c5ccccn5)ncc4cc3F)CC2)COCC1O,10.09
2557,Cc1nn(CC(F)(F)F)cc1Nc1ncc(C2CC2)c(NCCc2c[nH]cn2)n1,7.05
2563,CC(C)(O)CN1CCN(c2cc3nc(Nc4cnn(C5CC5)c4Cl)ncc3cc2Cl)CC1,10.12
2568,Cc1c(Nc2ncc3ccc(C4(C#N)CC4)cc3n2)cnn1C1CCOCC1,9.15
2589,Cc1cc(-c2n[nH]c3ccc(N[C@@H]4CCCc5cc(C#N)ccc54)cc23)ccn1,7.85
2599,CC1(N2CCC(c3cc4cc(NC(=O)c5cnn(C6CC6)c5Cl)ncc4cc3Cl)CC2)COCC1O,10.09
2615,CC1=C(C(=O)Nc2ccc3[nH]nc(-c4ccc(S(N)(=O)=O)cc4)c3c2)Cn2nnnc2N1C,9.15
2619,CC1=C(C(=O)Nc2ccn3cnc(C)c3c2)Cn2nnnc2N1C,5.87
2624,Cc1c(Nc2ncc3cc(Cl)c(N4C(=O)OC[C@H]4C)cc3n2)cnn1C1CCOCC1,9.35
0,Brc1cccc(Sc2ccc3nnc(-c4cncs4)n3n2)c1,7.296666666666667
1,Brc1cncc(-c2c[nH]c3ncnc(N4CCOCC4)c23)c1,8.035
2,C1=C(c2c[nH]c3ncnc(N4CCOCC4)c23)CCCO1,6.95
3,C1=C(c2c[nH]c3ncnc(N4CCOCC4)c23)COCC1,6.734999999999999
4,C=CS(=O)(=O)Nc1cccc(Nc2ncnc3cc(OC)c(OC)cc23)c1,7.005
5,CC(=O)N(C)c1c(C#N)cnc2cc(-c3ccc(S(C)(=O)=O)cc3)ccc12,5.779999999999999
6,CC(=O)N1C(C)=C(C(=O)Nc2ccc3[nH]ncc3c2)Cn2nnnc21,5.9399999999999995
7,CC(=O)NC1CCN(c2ncnc3[nH]cc(-c4cccc(C#N)c4)c23)CC1,7.01
8,CC(=O)c1cnc2cc(-c3ccc(S(C)(=O)=O)cc3)ccc2c1NC(C)C,7.165
9,CC(C)(C)c1cccc(Sc2ccc3nnc(-c4cncs4)n3n2)c1,6.833333333333333
10,CC(C)(O)C12CC(C1)N(c1cc(-n3ncc4ccc(-c5ccn[nH]5)cc43)ncn1)C2,7.913333333333333
11,CC(C)(O)C12CC(C1)N(c1cc(-n3ncc4ccc(C5(C#N)CC5(C)C)cc43)ncn1)C2,6.835
12,CC(C)(O)C12CC(C1)N(c1cc(-n3ncc4ccc(C5(C#N)CC5)cc43)ncn1)C2,7.685
13,CC(C)(O)C12CC(C1)N(c1cc(-n3ncc4ccc([C@]5(C#N)CC56CC6)cc43)ncn1)C2,9.280000000000001
14,CC(C)(O)[C@@H]1CCN(c2cc(-n3ncc4ccc(-c5ccn[nH]5)cc43)ncn2)C1,7.985
15,CC(C)(O)[C@@H]1CCN(c2cnc(C(F)(F)F)c(NC(=O)c3cccc(-c4cnn(C5CCC5)c4)n3)c2)C1,8.305
16,CC(C)(O)[C@@H]1CCN(c2cnc(C(F)(F)F)c(NC(=O)c3cccc(-c4cnn(CC(F)(F)F)c4)n3)c2)C1,8.575
17,CC(C)(O)[C@@H]1CCN(c2cnc(C(F)(F)F)c(NC(=O)c3cccc(-c4cnn(CC5(C(F)(F)F)CC5)c4)n3)c2)C1,8.809999999999999
18,CC(C)(O)[C@@H]1CCN(c2cnc(C(F)(F)F)c(NC(=O)c3cccc(-c4cnn(CC5CC5)c4)n3)c2)C1,8.735
19,CC(C)(Sc1ccc2nnc(-c3cccs3)n2n1)C(N)=O,5.5649999999999995
20,CC(C)C(Sc1ccc2nnc(-c3cccs3)n2n1)C(N)=O,6.0649999999999995
21,CC(C)Nc1c(-c2cnn(C)c2)cnc2cc(-c3ccc(S(C)(=O)=O)cc3)ccc12,5.675000000000001
22,CC(C)Nc1c(-c2nccs2)cnc2cc(-c3ccc(S(C)(=O)=O)cc3)ccc12,5.65
23,CC(C)Nc1c(C#N)cnc2cc(-c3ccc(Cl)s3)ccc12,7.075
24,CC(C)Nc1c(C#N)cnc2cc(-c3ccc(S(=O)(=O)N(C)C)cc3)ccc12,7.49
25,CC(C)Nc1c(C#N)cnc2cc(-c3ccc(S(=O)(=O)N4CCCC4)cc3)ccc12,7.82
26,CC(C)Nc1c(C#N)cnc2cc(-c3ccc(S(=O)(=O)N4CCOCC4)cc3)ccc12,7.925
27,CC(C)Nc1c(C#N)cnc2cc(-c3ccc(S(C)(=O)=O)cc3)ccc12,7.529999999999999
28,CC(C)Nc1c(C#N)cnc2cc(-c3ccc(S(C)(=O)=O)nc3)ccc12,7.255000000000001
29,CC(C)Nc1c(C#N)cnc2cc(-c3cnn(C)c3)ccc12,8.225000000000001
30,CC(C)Nc1c(C#N)cnc2ccccc12,6.765000000000001
31,CC(C)Nc1c(C(N)=O)cnc2cc(-c3ccc(S(C)(=O)=O)cc3)ccc12,7.419999999999999
32,CC(C)Nc1c(C(N)=O)nnc2cc(-c3ccc(S(C)(=O)=O)cc3)ccc12,7.695
33,CC(C)Nc1c(C(N)=O)nnc2cc(-c3ccncc3)ccc12,7.8100000000000005
34,CC(C)Nc1c(C(N)=O)nnc2cc(-c3cn[nH]c3)ccc12,7.835
35,CC(C)Nc1c(C(N)=O)nnc2cc(-c3cnn(C)c3)ccc12,7.985
36,CC(C)Nc1c(C(N)=O)nnc2cc(-c3cnsc3)ccc12,7.775
37,CC(C)Nc1c(C(N)=O)nnc2cc(N3CCN(C)CC3)ccc12,7.255000000000001
38,CC(C)Nc1c(C(N)=O)nnc2cc(N3CCOCC3)ccc12,7.985
39,CC(C)Nc1c(C(N)=O)nnc2ccc(-c3ccncc3)cc12,7.35
40,CC(C)Nc1c(C(N)=O)nnc2ccc(-c3cn[nH]c3)cc12,8.65
41,CC(C)Nc1c(C(N)=O)nnc2ccc(-c3cnn(C)c3)cc12,6.395
42,CC(C)Nc1c(C2=NCCN2)cnc2cc(-c3ccc(S(C)(=O)=O)cc3)ccc12,4.045
43,CC(C)Oc1cc2c(-c3cc(N4CCN(S(C)(=O)=O)CC4)ncn3)n[nH]c2cc1F,8.03
44,CC(C)Oc1cc2c(-c3cc(N4C[C@@H](C)O[C@@H](C)C4)ncn3)n[nH]c2cc1F,8.1
45,CC(C)Oc1ccc2[nH]nc(-c3cc(N4CCC(F)(F)CC4)ncn3)c2c1,7.765000000000001
46,CC(C)Oc1ccc2[nH]nc(-c3cc(N4CCC5(CCNC5=O)CC4)ncn3)c2c1,8.08
47,CC(C)Oc1ccc2[nH]nc(-c3cc(N4CCN(CCF)CC4)ncn3)c2c1,7.865
48,CC(C)Oc1ccc2[nH]nc(-c3cc(N4CCOCC4)ncn3)c2c1,7.784000000000001
49,CC(C)Oc1ccc2[nH]nc(-c3cc(N4CCO[C@H](C)C4)ncn3)c2c1,7.833333333333333
50,CC(C)Oc1ccc2[nH]nc(-c3cc(N4CC[S+]([O-])CC4)ncn3)c2c1,7.8100000000000005
51,CC(C)Oc1ccc2[nH]nc(-c3ccnc(N4CCC(n5cnnc5)CC4)c3)c2c1,7.41
52,CC(C)Oc1ccc2[nH]nc(-c3ccnc(N4CCN(C)C(=O)C4)c3)c2c1,7.62
53,CC(C)Oc1ccc2[nH]nc(-c3ccnc(N4CCN(C)CC4)c3)c2c1,8.013333333333334
54,CC(C)Oc1ccc2[nH]nc(-c3ccnc(N4CCN(S(C)(=O)=O)CC4)c3)c2c1,7.833333333333333
55,CC(C)Oc1ccc2[nH]nc(-c3ccnc(N4CCOCC4)c3)c2c1,8.123333333333333
56,CC(C)Oc1ccc2[nH]nc(-c3ccnc(N4C[C@@H](F)[C@H](F)C4)c3)c2c1,7.18
57,CC(C)c1ccc2nc(NC(=O)c3ccc(N4CCOCC4)cc3)sc2c1,5.805
58,CC(C)n1cc(-c2cc(-c3cc(Cl)cc(C(=O)N4CCOCC4)c3)cnc2N)nn1,6.234999999999999
59,CC(C)n1cc(-c2cc(-c3cc(Cl)cc(CN4CCOCC4)c3)cnc2N)nn1,6.165
60,CC(C)n1cc(-c2cc(-c3ccc(C(=O)N4CCOCC4)c(F)c3)cnc2N)nn1,6.265000000000001
61,CC(C)n1cc(-c2cc(-c3ccc(C(=O)N4CCOCC4)cc3)cnc2N)nn1,6.4
62,CC(C)n1cc(-c2cc(-c3ccc(CC(=O)N4CCOCC4)cc3)cnc2N)nn1,6.225
63,CC(C)n1cc(-c2cc(-c3ccc(CCN4CCOCC4)cc3)cnc2N)nn1,6.345
64,CC(C)n1cc(-c2cc(-c3ccc(CN4CCOCC4)c(Cl)c3)cnc2N)nn1,6.58
65,CC(C)n1cc(-c2cc(-c3ccc(CN4CCOCC4)c(F)c3)cnc2N)nn1,6.5649999999999995
66,CC(C)n1cc(-c2cc(-c3ccc(CN4CCOCC4)cc3)cnc2N)nn1,6.26
67,CC(C)n1cc(-c2cc(-c3ccc(F)c(CN4CCOCC4)c3)cnc2N)nn1,6.029999999999999
68,CC(C)n1cc(-c2cc(-c3ccc(N4CCOCC4)cc3)cnc2N)nn1,6.51
69,CC(C)n1cc(-c2cc(-c3ccc4c(c3)CCN4C)cnc2N)nn1,6.335
70,CC(C)n1cc(-c2cc(-c3ccc4c(ccn4C)c3)cnc2N)nn1,6.265
71,CC(C)n1cc(-c2cc(-c3cccc(C(=O)N4CCOCC4)c3)cnc2N)nn1,6.105
72,CC(C)n1cc(-c2cc(-c3cccc(CN4CCOCC4)c3)cnc2N)nn1,6.365
73,CC(C)n1cc(-c2nc(-c3ccc4c(c3)CCN4C)cnc2N)nn1,6.355
74,CC(Sc1ccc2nnc(-c3cccc(Cl)c3)n2n1)c1ccn[nH]1,5.9399999999999995
75,CC(Sc1ccc2nnc(-c3cccs3)n2n1)C(N)=O,6.616666666666667
76,CC(Sc1ccc2nnc(-c3cccs3)n2n1)c1nnco1,6.605
77,CC(c1ccc(NC(=O)c2cc(C3CC3)[nH]n2)cc1)N1CCOCC1,5.52
78,CC1(C)CCCN(c2ncnc3[nH]cc(-c4cccc(C#N)c4)c23)C1,6.77
79,CC1(C)CN(c2ncnc3[nH]cc(-c4cccc(C#N)c4)c23)CCO1,6.984999999999999
80,CC1(Oc2ccc3[nH]nc(-c4cc(N5CCN(S(C)(=O)=O)CC5)ncn4)c3c2)CC1,8.246666666666668
81,CC1(Oc2ccc3[nH]nc(-c4cc(N5CCOCC5)ncn4)c3c2)CC1,8.36
82,CC1=C(C(=O)Nc2ccc3[nH]c(=O)n(C)c3c2)[C@@H](C)n2nnnc2N1C,6.390000000000001
83,CC1=C(C(=O)Nc2ccc3[nH]nc(-c4cc(N5CCOCC5)ncn4)c3c2)Cn2nnnc2N1C,9.23
84,CC1=C(C(=O)Nc2ccc3[nH]nc(-c4ccccc4)c3c2)C(C)(C)n2nnnc2N1C,7.332222222222222
85,CC1=C(C(=O)Nc2ccc3[nH]nc(-c4ccnc(N5CCOCC5)c4)c3c2)C(C)(C)n2nnnc2N1C,7.984444444444445
86,CC1=C(C(=O)Nc2ccc3[nH]nc(-c4ccnc(N5CCOCC5)c4)c3c2)Cn2nnnc2N1C,7.4174999999999995
87,CC1=C(C(=O)Nc2ccc3[nH]nc(-c4ccnc(N5CCOCC5)c4)c3c2)[C@@H](C)n2nnnc2N1C,8.1025
88,CC1=C(C(=O)Nc2ccc3[nH]nc(-c4ccncc4)c3c2)Cn2nnnc2N1C,8.705
89,CC1=C(C(=O)Nc2ccc3[nH]nc(-c4ccncc4)c3c2)[C@@H](C)n2nnnc2N1C,7.065
90,CC1=C(C(=O)Nc2ccc3[nH]nc(-c4nc5ccccc5[nH]4)c3c2)Cn2nnnc2N1C,7.265
91,CC1=C(C(=O)Nc2ccc3[nH]nc(Br)c3c2)Cn2nnnc2N1C,7.819999999999999
92,CC1=C(C(=O)Nc2ccc3[nH]nc(C(N)=O)c3c2)Cn2nnnc2N1C,7.5600000000000005
93,CC1=C(C(=O)Nc2ccc3[nH]nc(C)c3c2)C(C)(C)n2nnnc2N1C,7.96
94,CC1=C(C(=O)Nc2ccc3[nH]nc(C)c3c2)Cn2nnnc2N1C,7.46
95,CC1=C(C(=O)Nc2ccc3[nH]nc(C)c3c2)[C@@H](C)n2nnnc2N1C,6.745
96,CC1=C(C(=O)Nc2ccc3[nH]nc(C)c3c2)[C@H](C)n2nnnc2N1C,6.6
97,CC1=C(C(=O)Nc2ccc3[nH]nc(NC(=O)c4ccccc4)c3c2)Cn2nnnc2N1C,7.744999999999999
98,CC1=C(C(=O)Nc2ccc3[nH]ncc3c2)C(C)(C)n2nnnc2N1C,6.904999999999999
99,CC1=C(C(=O)Nc2ccc3[nH]ncc3c2)Cn2nnnc2N1C,6.895
100,CC1=C(C(=O)Nc2ccc3[nH]ncc3c2)Cn2nnnc2N1C(=O)N(C)C,6.665
101,CC1=C(C(=O)Nc2ccc3[nH]ncc3c2)Cn2nnnc2N1CCN1CCOCC1,5.27
102,CC1=C(C(=O)Nc2ccc3[nH]ncc3c2)Cn2nnnc2N1c1ccccc1,8.415
103,CC1=C(C(=O)Nc2ccc3[nH]ncc3c2)[C@@H](C)n2nnnc2N1C,7.06
104,CC1=C(C(=O)Nc2ccc3[nH]ncc3c2)[C@H](C)n2nnnc2N1C,6.775
105,CC1=C(C(=O)Nc2ccc3c(N)nccc3c2)[C@@H](C)n2nnnc2N1C,7.08
106,CC1=C(C(=O)Nc2ccc3c(c2)C(=O)NC3=O)[C@@H](C)n2nnnc2N1C,6.404999999999999
107,CC1=C(C(=O)Nc2ccc3c(c2)CNC3=O)[C@@H](C)n2nnnc2N1C,6.635
108,CC1CCCN(c2ncnc3[nH]cc(-c4cccc(C#N)c4)c23)C1,6.96
109,CC1CCN(c2ncnc3[nH]cc(-c4cccc(C#N)c4)c23)C1,7.22
110,CC1CCN(c2ncnc3[nH]cc(-c4cccc(C#N)c4)c23)CC1,6.8
111,CCC(Sc1ccc2nnc(-c3cccs3)n2n1)C(=O)OC,6.625
112,CCC1=C(C(=O)Nc2ccc3[nH]ncc3c2)Cn2nnnc2N1C,6.4399999999999995
113,CCC1CN(c2ncnc3[nH]cc(-c4cccc(C#N)c4)c23)CCO1,7.115
114,CCCOc1ccc2nc(NC(=O)c3ccc(N4CCOCC4)cc3)sc2c1,5.705
115,CCCS(=O)(=O)Nc1cccc(Nc2ncnc3cc(OC)c(OC)cc23)c1,6.7
116,CCN(CC)CCNC(=O)c1c(C)[nH]c(/C=C2\C(=O)Nc3ccc(F)cc32)c1C,7.6850000000000005
117,CCN(CC)c1ncnc2[nH]cc(-c3cccc(C#N)c3)c12,7.136
118,CCN1C(C)=C(C(=O)Nc2ccc3[nH]ncc3c2)Cn2nnnc21,6.65
119,CCN1CCN(c2cc(-c3n[nH]c4ccc(-c5cnn(C)c5)cc34)ncn2)CC1,8.485
120,CCNc1c(C(N)=O)nnc2cc(-c3ccc(S(C)(=O)=O)cc3)ccc12,7.3
121,CCNc1nc(Nc2cc(F)c(C(=O)N3CCOCC3)cc2OC)ncc1C(F)(F)F,7.466666666666666
122,CCOc1cc(C(=O)N2CCN(C)CC2)ccc1Nc1nc(OCC)c2cc[nH]c2n1,7.45
123,CCOc1cc(C(=O)N2CCOCC2)ccc1Nc1nc(OCC)c2cc[nH]c2n1,7.35
124,CCOc1ccc(Nc2nc(N3CCOCC3)c3nc[nH]c3n2)cc1,6.455
125,CCOc1ccc2nc(NC(=O)c3ccc(N4CCOCC4)cc3)sc2c1,6.66
126,CCOc1nc(Nc2ccc(C(=O)N3CC4(COC4)C3)cc2OC)nc2[nH]ccc12,7.0
127,CCOc1nc(Nc2ccc(C(=O)N3CCC(F)CC3)cc2OC)nc2[nH]ccc12,7.35
128,CCOc1nc(Nc2ccc(C(=O)N3CCC4(CC3)CN(C)C4)cc2OC)nc2[nH]ccc12,7.699999999999999
129,CCOc1nc(Nc2ccc(C(=O)N3CCN(C)CC3)cc2)nc2[nH]ccc12,7.5
130,CCOc1nc(Nc2ccc(C(=O)N3CCN(C)CC3)cc2Cl)nc2[nH]ccc12,7.25
131,CCOc1nc(Nc2ccc(C(=O)N3CCN(C)CC3)cc2F)nc2[nH]ccc12,7.35
132,CCOc1nc(Nc2ccc(C(=O)N3CCN(C)CC3)cc2N(C)C)nc2[nH]ccc12,6.1
133,CCOc1nc(Nc2ccc(C(=O)N3CCN(C)CC3)cc2OC(C)C)nc2[nH]ccc12,7.2
134,CCOc1nc(Nc2ccc(C(=O)N3CCN(C)CC3)cc2OC)nc2[nH]ccc12,7.3
135,CCOc1nc(Nc2ccc(C(=O)N3CCN4CCC[C@@H]4C3)cc2OC)nc2[nH]ccc12,7.449999999999999
136,CCOc1nc(Nc2ccc(C(=O)N3CCN4CCC[C@H]4C3)cc2OC)nc2[nH]ccc12,7.8
137,CCOc1nc(Nc2ccc(C(=O)N3CCOCC3)cc2)nc2[nH]ccc12,7.65
138,CCOc1nc(Nc2ccc(C(=O)N3CCOCC3)cc2OC(C)C)nc2[nH]ccc12,7.050000000000001
139,CCOc1nc(Nc2ccc(C(=O)N3CCOCC3)cc2OC)nc2[nH]ccc12,7.5
140,CCOc1nc(Nc2ccc(C(=O)N3CCOC[C@@H]3C)cc2OC)nc2[nH]ccc12,7.55
141,CCOc1nc(Nc2ccc(C(=O)N3CCOC[C@H]3C)cc2OC)nc2[nH]ccc12,7.449999999999999
142,CCOc1nc(Nc2ccc(C(=O)N3C[C@@H](C)O[C@@H](C)C3)cc2OC)nc2[nH]ccc12,6.95
143,CCOc1nc(Nc2ccc(C(=O)NCC(C)(C)O)cc2OC)nc2[nH]ccc12,7.4
144,CCS(=O)(=O)Nc1cccc(Nc2ncnc3cc(OC)c(OC)cc23)c1,6.7
145,CC[C@@H](C)Nc1c(C(N)=O)nnc2cc(-c3ccc(S(C)(=O)=O)cc3)ccc12,8.7
146,CCc1cc(-c2c(-c3ccncc3)n[nH]c2C)ccc1-c1ccc(S(N)(=O)=O)cc1,6.64
147,CCc1cc(-c2c(-c3ccncc3)n[nH]c2C)ccc1-c1cccc(S(N)(=O)=O)c1,8.18
148,CCc1cc(-c2c[nH]nc2-c2ccncc2)ccc1-c1cccc(S(N)(=O)=O)c1,7.69
149,CCc1cc(-c2ccnc3[nH]cc(C#N)c23)ccc1CN1CCOCC1,7.205
150,CCc1cccc(-c2ccnc3[nH]cc(C#N)c23)c1,6.59
151,CCc1cccc(CC)c1N1CCn2cc(-c3nc(Nc4ccc(N5CCC(C(=O)N6CC7(CN(C)C7)C6)CC5)cc4OC)nc4[nH]ccc34)cc2C1=O,6.555
152,CCc1nc2cnc3ccc(Cl)cc3c2n1[C@@H]1CCO[C@H](CC#N)C1,8.025
153,CCn1c(NC(=O)c2ccnc(-n3ccnc3)c2)nc2ccccc21,6.51
154,CCn1cc(-c2c[nH]c3ncnc(N4CCOCC4)c23)cn1,7.075
155,CCn1cc(-c2cccc(C(=O)Nc3cc(N4CC[C@@H](C(C)(C)O)C4)cnc3C(F)(F)F)n2)cn1,7.775
156,CN(C)C(=O)CCNc1ncnc2[nH]cc(-c3cccc(C#N)c3)c12,6.9399999999999995
157,CN(C)CC1CN(c2ncnc3[nH]cc(-c4cccc(C#N)c4)c23)CCO1,7.154999999999999
158,CN(C)c1c(C#N)c2c(N)ncnc2n1C,5.375
159,CN(C)c1c(C#N)cnc2cc(-c3ccc(S(C)(=O)=O)cc3)ccc12,7.635
160,CN(C)c1ccc(N=C2C(=O)Nc3ccccc32)cc1,5.465
161,CN(C)c1ncnc2[nH]cc(-c3cc(F)cc(C#N)c3)c12,6.84
162,CN(C)c1ncnc2[nH]cc(-c3cccc(C#N)c3)c12,7.6375
163,CN(C)c1ncnc2[nH]cc(-c3cccc(C#N)c3F)c12,7.995
164,CN(C)c1ncnc2[nH]cc(-c3cccc(CO)c3)c12,7.555
165,CN(C)c1ncnc2[nH]cc(-c3ccccc3)c12,7.305
166,CN(C)c1ncnc2[nH]cc(-c3cnn(C)c3)c12,7.359999999999999
167,CN(c1ccc2[nH]nc(-c3ccncc3)c2c1)c1ccc(C#N)cc1C#N,6.625
168,CN(c1ccccc1)c1c(C#N)cnc2cc(-c3ccc(S(C)(=O)=O)cc3)ccc12,6.455
169,CN1CCC2(CC1)CN(c1ncnc3[nH]cc(-c4cccc(C#N)c4)c13)CCO2,7.050000000000001
170,CN1CCCC(Nc2ncnc3[nH]cc(-c4cccc(C#N)c4)c23)C1,6.86
171,CN1CCN(c2c(C#N)cnc3cc(-c4ccc(S(C)(=O)=O)cc4)ccc23)CC1,6.734999999999999
172,CN1CCN(c2ccc(OCc3ccccc3)c(C(=O)Nc3cccnc3)c2)CC1,7.625
173,CN1CCN(c2ncnc3[nH]cc(-c4cccc(C#N)c4)c23)CC1,5.51
174,CN1CCc2cc(-c3cnc(N)c(-c4nnc(C5CC5)o4)c3)ccc21,6.08
175,CN1CCc2cc(-c3cnc(N)c(-c4nnc(C5CCNCC5)o4)c3)ccc21,6.04
176,CNC(=O)c1nnc2cc(-c3ccc(S(C)(=O)=O)cc3)ccc2c1N[C@H](C)C1CC1,6.695
177,CNS(=O)(=O)c1ccc(-c2ccc3c(NC(C)C)c(C#N)cnc3c2)cc1,8.135000000000002
178,CN[C@@H]1C[C@H]2O[C@@](C)([C@@H]1OC)n1c3ccccc3c3c4c(c5c6ccccc6n2c5c31)C(=O)NC4,8.36
179,CNc1c(C(N)=O)nnc2cc(-c3ccc(S(C)(=O)=O)cc3)ccc12,7.085
180,CNc1nc(Nc2ccc(C(=O)N3CCOCC3)cc2OC)ncc1Cl,7.51
181,CNc1nc(Nc2cnn([C@H]3CCN(C4COC4)C[C@@H]3F)c2Cl)ncc1C(F)(F)F,7.725
182,CNc1ncnc2[nH]cc(-c3cccc(C#N)c3)c12,7.18
183,COC(=O)C(C)Sc1ccc2ncc(-c3cccs3)n2n1,7.5600000000000005
184,COC(=O)C(C)Sc1ccc2nnc(-c3cccs3)n2n1,6.484999999999999
185,COC(=O)[C@@H](C)Sc1ccc2nnc(-c3cccs3)n2n1,6.53
186,COC(=O)[C@H](C)Sc1ccc2nnc(-c3cccs3)n2n1,6.505
187,COC1CCCN(c2ncnc3[nH]cc(-c4cccc(C#N)c4)c23)C1,6.955
188,COC1CCN(c2ncnc3[nH]cc(-c4cccc(C#N)c4)c23)CC1,6.215
189,COC1CN(c2cc(NC(=O)c3cccc(-c4cnn(C)c4)n3)c(C(F)(F)F)cn2)C1,8.05
190,COCC1CCCN(c2ncnc3[nH]cc(-c4cccc(C#N)c4)c23)C1,6.84
191,COCC1CN(c2ncnc3[nH]cc(-c4cccc(C#N)c4)c23)CCO1,7.148333333333333
192,COCC1CN(c2ncnc3[nH]cc(-c4cccc(C#N)c4F)c23)CCO1,6.82
193,COCCN1CCN(c2cc(-c3n[nH]c4ccc(OC(C)C)cc34)ncn2)CC1,7.965
194,COCCN1CCN(c2ccc(OCc3ccccc3)c(C(=O)Nc3ccnnc3)c2)CC1,6.8999999999999995
195,COC[C@H](C)Oc1ccc2[nH]nc(-c3cc(N4CCOCC4)ncn3)c2c1,8.035
196,CO[C@H]1CN(c2cc(-c3n[nH]c4ccc(OC(C)C)cc34)ncn2)C[C@@H]1O,7.865
197,COc1cc(-c2c(-c3ccncc3)n[nH]c2C)ccc1-c1cccc(S(N)(=O)=O)c1,7.279999999999999
198,COc1cc(-c2ccnc3[nH]cc(C#N)c23)ccc1CN1CCOCC1,6.425
199,COc1cc(-c2cnc(N)c(-c3cn(C(C)C)nn3)c2)ccc1C(=O)N1CCOCC1,7.029999999999999
200,COc1cc(-c2cnc(N)c(-c3cn(C(C)C)nn3)c2)ccc1CN1CCOCC1,7.050000000000001
201,COc1cc(-c2n[nH]c(C)c2-c2ccc(-c3cccc(S(N)(=O)=O)c3)cc2)ccn1,7.215
202,COc1cc(-c2n[nH]c3ccc(N[C@@H]4CCCc5cc(C#N)ccc54)cc23)ccn1,6.745
203,COc1cc(-c2n[nH]c3ccc(Nc4ccccc4C#N)cc23)ccn1,8.1
204,COc1cc(-c2n[nH]cc2-c2ccc(-c3cccc(S(N)(=O)=O)c3)cc2)ccn1,7.01
205,COc1cc(C#N)cc(-c2c[nH]c3ncnc(N(C)C)c23)c1,7.23
206,COc1cc(C#N)cc(-c2c[nH]c3ncnc(N4CCOCC4)c23)c1,6.93
207,COc1cc(C(=O)N2CCC(N3CCN(C)CC3)CC2)ccc1Nc1ncc2c(n1)N(C)c1ccccc1C(=O)N2C,7.355714285714286
208,COc1cc(F)cc(-c2c[nH]c3ncnc(N(C)C)c23)c1,7.35
209,COc1cc(F)cc(-c2c[nH]c3ncnc(N4CCC(F)CC4)c23)c1,7.05
210,COc1cc(F)cc(-c2c[nH]c3ncnc(N4CCCC(O)C4)c23)c1,7.48
211,COc1cc(F)cc(-c2c[nH]c3ncnc(N4CCOCC4)c23)c1,7.875
212,COc1cc(N2CCC(N3CCN(C)CC3)CC2)ccc1Nc1ncc(Cl)c(Nc2ccccc2S(=O)(=O)C(C)C)n1,7.7525
213,COc1cc(N2CCOCC2)ccc1Nc1ncc(F)c(Nc2ccccc2NS(C)(=O)=O)n1,8.540000000000001
214,COc1cc2ncnc(Nc3cccc(NS(=O)(=O)CC(C)C)c3)c2cc1OC,6.83
215,COc1cc2ncnc(Nc3cccc(NS(=O)(=O)CC(F)(F)F)c3)c2cc1OC,6.49
216,COc1cc2ncnc(Nc3cccc(NS(=O)(=O)c4ccccc4)c3)c2cc1OC,7.03
217,COc1cc2ncnc(Nc3cccc(NS(=O)(=O)c4cccs4)c3)c2cc1OC,6.86
218,COc1cc2ncnc(Nc3cccc(NS(C)(=O)=O)c3)c2cc1OC,6.725
219,COc1ccc(/N=C2\C(=O)Nc3ccccc32)cc1,5.645
220,COc1ccc(C#N)c(Nc2ccc3[nH]nc(-c4ccncc4)c3c2)c1,6.244999999999999
221,COc1ccc(C#N)cc1-c1c[nH]c2ncnc(N3CCC[C@H](C)C3)c12,7.484999999999999
222,COc1ccc(C#N)cc1-c1c[nH]c2ncnc(N3C[C@H](C)C[C@H](C)C3)c12,6.91
223,COc1ccc(C#N)cc1Sc1ccc2nnc(-c3cnn(C)c3)n2n1,6.4350000000000005
224,COc1ccc(Cl)cc1-c1c[nH]c2ncnc(N(C)C)c12,7.6899999999999995
225,COc1ccc(Cl)cc1-c1c[nH]c2ncnc(N3CCOCC3)c12,7.12
226,COc1ccc(Cl)cc1Sc1ccc2nnc(-c3cnn(C)c3)n2n1,6.86
227,COc1ccc(F)c(Cl)c1-c1c[nH]c2ncnc(N3CCOCC3)c12,7.3100000000000005
228,COc1ccc(F)cc1-c1c[nH]c2ncnc(N(C)C)c12,7.925
229,COc1ccc(F)cc1-c1c[nH]c2ncnc(N3CCC(F)CC3)c12,7.57
230,COc1ccc(F)cc1-c1c[nH]c2ncnc(N3CCC3)c12,7.095000000000001
231,COc1ccc(F)cc1-c1c[nH]c2ncnc(N3CCCC(F)C3)c12,7.640000000000001
232,COc1ccc(F)cc1-c1c[nH]c2ncnc(N3CCOC(c4noc(C)n4)C3)c12,7.35
233,COc1ccc(F)cc1-c1c[nH]c2ncnc(N3CCOCC3)c12,8.075
234,COc1ccc(F)cc1-c1c[nH]c2ncnc(N3CCO[C@@H](C)C3)c12,7.619999999999999
235,COc1ccc(F)cc1-c1c[nH]c2ncnc(N3CC[C@H](F)C3)c12,7.73
236,COc1ccc(Nc2ccc3[nH]nc(-c4ccncc4)c3c2)c(C#N)c1,7.905
237,COc1ccc(OC)c(Oc2ccc3nnc(-c4ccccc4)n3n2)c1,6.195
238,COc1ccc(OC)c(Sc2ccc3nc(C)c(-c4cnn(C)c4)n3n2)c1,6.485
239,COc1ccc(OC)c(Sc2ccc3ncc(-c4cnn(C)c4)n3n2)c1,6.78
240,COc1ccc(OC)c(Sc2ccc3ncn(-c4cnn(C)c4)c3n2)c1,5.705
241,COc1ccc(OC)c(Sc2ccc3nnc(-c4ccccc4)n3n2)c1,6.7775
242,COc1ccc(OC)c(Sc2ccc3nnc(-c4ccccn4)n3n2)c1,6.09
243,COc1ccc(OC)c(Sc2ccc3nnc(-c4cccnc4)n3n2)c1,6.375
244,COc1ccc(OC)c(Sc2ccc3nnc(-c4ccn(C)n4)n3n2)c1,6.105
245,COc1ccc(OC)c(Sc2ccc3nnc(-c4ccon4)n3n2)c1,5.725
246,COc1ccc(OC)c(Sc2ccc3nnc(-c4ccsn4)n3n2)c1,6.59
247,COc1ccc(OC)c(Sc2ccc3nnc(-c4cn(C)nc4C)n3n2)c1,6.195
248,COc1ccc(OC)c(Sc2ccc3nnc(-c4cncs4)n3n2)c1,6.6
249,COc1ccc(OC)c(Sc2ccc3nnc(-c4cnn(C)c4)n3n2)c1,6.800000000000001
250,COc1ccc(OC)c(Sc2ccc3nnn(-c4cnn(C)c4)c3n2)c1,5.78
251,COc1ccc(OC)c(Sc2ccn3nc(C)c(-c4cnn(C)c4)c3n2)c1,6.54
252,COc1ccc(OC)c(Sc2ccn3ncc(-c4cnn(C)c4)c3n2)c1,6.75
253,COc1ccc2c(c1)/C(=N\N(c1ccccc1)c1ccccc1)C(=O)N2,6.699999999999999
254,COc1ccc2c(c1)C(=NN1CCCCC1)C(=O)N2,6.04
255,COc1ccc2c(c1)C(=NN1CCOCC1)C(=O)N2,5.225
256,COc1ccc2nc(NC(=O)c3ccc(N4CCOCC4)cc3)sc2c1,6.395
257,COc1cccc(-c2c[nH]c3ncnc(N4CCOCC4)c23)c1,6.9799999999999995
258,COc1cccc(-c2ccnc3[nH]cc(C#N)c23)c1,6.586666666666667
259,COc1cccc(-c2cnc(N)c(-c3nnc(C4CCN(C)CC4)o3)c2)c1,5.859999999999999
260,COc1cccc(-c2cnc(N)c(-c3nnc(C4CCNCC4)o3)c2)c1,5.74
261,COc1cccc(C#N)c1Nc1ccc2[nH]nc(-c3ccncc3)c2c1,7.039999999999999
262,COc1cccc(F)c1-c1c[nH]c2ncnc(N(C)C)c12,7.485
263,COc1cccc(F)c1-c1c[nH]c2ncnc(N3CCOCC3)c12,7.535
264,COc1cccc(Nc2nc(NCCO)c3nc[nH]c3n2)c1,7.2
265,COc1cccc(Sc2ccc3nnc(-c4cncs4)n3n2)c1,7.220000000000001
266,COc1ccccc1-c1c[nH]c2ncnc(N(C)C)c12,7.455
267,COc1ccccc1-c1c[nH]c2ncnc(N3CCC(F)CC3)c12,7.15
268,COc1ccccc1-c1c[nH]c2ncnc(N3CCCC(O)C3)c12,7.225
269,COc1ccccc1-c1c[nH]c2ncnc(N3CCCC3)c12,7.22
270,COc1ccccc1-c1c[nH]c2ncnc(N3CCOCC3)c12,7.744999999999999
271,COc1ccccc1-c1c[nH]c2ncnc(N3CC[C@H](F)C3)c12,7.33
272,COc1cncc(-c2c[nH]c3ncnc(N4CCOCC4)c23)n1,7.465
273,COc1cncc(-c2nnc3ccc(Sc4cc(OC)ccc4OC)nn23)c1,6.77
274,CS(=O)(=O)c1ccc(-c2ccc3c(-n4ccnc4)c(C#N)cnc3c2)cc1,6.234999999999999
275,CS(=O)(=O)c1ccc(-c2ccc3c(N)c(C(N)=O)nnc3c2)cc1,6.6899999999999995
276,CS(=O)(=O)c1ccc(-c2ccc3c(N4CCC4)c(C#N)cnc3c2)cc1,7.824999999999999
277,CS(=O)(=O)c1ccc(-c2ccc3c(N4CCCCC4)c(C#N)cnc3c2)cc1,7.255000000000001
278,CS(=O)(=O)c1ccc(-c2ccc3c(NC4CC4)c(C(N)=O)nnc3c2)cc1,7.295
279,CS(=O)(=O)c1ccc(-c2ccc3c(NC4CCC4)c(C(N)=O)nnc3c2)cc1,7.859999999999999
280,CS(=O)(=O)c1ccc(-c2ccc3c(NC4CCOC4)c(C(N)=O)nnc3c2)cc1,7.525
281,CS(=O)(=O)c1ccc(-c2ccc3c(NC4CCOCC4)c(C(N)=O)nnc3c2)cc1,7.57
282,CS(=O)(=O)c1ccc(-c2ccc3c(NCC4CC4)c(C(N)=O)nnc3c2)cc1,7.67
283,CSc1cccc(-c2c[nH]c3ncnc(N4CCOCC4)c23)c1,7.195
284,C[C@@H](Nc1c(C#N)cnc2cc(-c3ccc(-n4ccoc4=O)cc3)ccc12)C1CC1,7.445
285,C[C@@H](Nc1c(C#N)cnc2cc(-c3ccc(S(C)(=O)=O)cc3)ccc12)C1CC1,7.375
286,C[C@@H](Nc1c(C(N)=O)nnc2cc(-c3ccc(S(C)(=O)=O)cc3)ccc12)C1CC1,8.575
287,C[C@@H](Nc1c(C(N)=O)nnc2cc(-c3ccc(S(C)(=O)=O)cc3)ccc12)c1ccccc1,5.92
288,C[C@@H](Nc1c(C(N)=O)nnc2cc(-c3ccncc3)ccc12)C1CC1,8.46
289,C[C@@H]1CCCN(c2ncnc3[nH]cc(-c4cccc(C#N)c4)c23)C1,6.576666666666667
290,C[C@@H]1CCCN1c1[nH]c2ncnc(N)c2c1C#N,6.74
291,C[C@@H]1CCCN1c1c(C#N)c2c(N)nc(N)nc2n1C,6.635
292,C[C@@H]1CCCN1c1c(C#N)c2c(N)nc(Nc3ccn(C)n3)cc2n1C,6.66
293,C[C@@H]1CCCN1c1c(C#N)c2c(N)nc(Nc3cn(C)nc3C(F)(F)F)nc2n1C,6.28
294,C[C@@H]1CCCN1c1c(C#N)c2c(N)nc(Nc3cn(C)nc3Cl)nc2n1C,7.285
295,C[C@@H]1CCCN1c1c(C#N)c2c(N)nc(Nc3cnn(C)c3)nc2n1C,8.260000000000002
296,C[C@@H]1CCCN1c1c(C#N)c2c(N)nccc2n1C,7.51
297,C[C@@H]1CCCN1c1c(C#N)c2c(N)ncnc2n1C,7.890000000000001
298,C[C@@H]1CCCN1c1c(C(N)=O)c2c(N)ncnc2n1C,5.575
299,C[C@@H]1CCCN1c1cc2c(N)ncnc2n1C,5.1850000000000005
300,C[C@@H]1CN(c2cc(-c3n[nH]c4ccc(-c5cnn(C)c5)cc34)ccn2)C[C@H](C)O1,8.96
301,C[C@@H]1CN(c2cc(-c3n[nH]c4ccc(OC5(C)CC5)cc34)ncn2)CCO1,8.296666666666667
302,C[C@@H]1CN(c2cc(-c3n[nH]c4ccc(OC5(C)CC5)cc34)ncn2)C[C@H](C)O1,8.91875
303,C[C@@H]1CN(c2cc(-c3ncn4ccc(-c5cnn(C)c5)cc34)ccn2)C[C@H](C)O1,8.09
304,C[C@@H]1CN(c2cc(-n3ncc4ccc(-c5ccn[nH]5)cc43)ncn2)C[C@H](C)N1C,7.385
305,C[C@@H]1CN(c2cc(-n3ncc4ccc(-c5ccn[nH]5)cc43)ncn2)C[C@H](C)O1,7.734999999999999
306,C[C@@H]1CN(c2cc(-n3ncc4ccc(-c5cnn(C)c5)cc43)ccn2)C[C@H](C)O1,6.96
307,C[C@@H]1CN(c2cc(NC(=O)c3cccc(-c4cnn(C)c4)n3)c(C(F)(F)F)cn2)C[C@H](C)O1,8.61
308,C[C@@H]1CN(c2ncnc3[nH]cc(-c4cccc(C#N)c4)c23)CCO1,7.109999999999999
309,C[C@@H]1CN(c2ncnc3[nH]cc(-c4cnn(C)c4)c23)CCO1,7.34
310,C[C@@H]1C[C@H](n2c(Cc3cn(C)nn3)nc3cnc4ccc(C(F)(F)F)cc4c32)CCO1,8.094999999999999
311,C[C@@H]1[C@H](O)CCN1c1cc(NC(=O)c2cccc(-c3cnn(C)c3)n2)c(C(F)(F)F)cn1,8.41
312,C[C@H](Nc1ccc2[nH]nc(-c3ccncc3)c2c1)c1cccc(C#N)c1,7.404999999999999
313,C[C@H]1CCCN(c2ncnc3[nH]cc(-c4ccc(C(N)=O)cc4)c23)C1,7.970000000000001
314,C[C@H]1CCCN(c2ncnc3[nH]cc(-c4ccc(O)cc4)c23)C1,7.5649999999999995
315,C[C@H]1CCCN(c2ncnc3[nH]cc(-c4ccc5[nH]ncc5c4)c23)C1,7.175
316,C[C@H]1CCCN(c2ncnc3[nH]cc(-c4ccc5c(c4)C(=O)NC5)c23)C1,7.2
317,C[C@H]1CCCN(c2ncnc3[nH]cc(-c4cccc(C#N)c4)c23)C1,7.285
318,C[C@H]1CCCN(c2ncnc3[nH]cc(-c4cccc(C#N)c4F)c23)C1,7.71
319,C[C@H]1CCCN(c2ncnc3[nH]cc(-c4cccc(C(=O)O)c4)c23)C1,7.335
320,C[C@H]1CCCN(c2ncnc3[nH]cc(-c4cccc(C(N)=O)c4)c23)C1,7.155
321,C[C@H]1CCCN(c2ncnc3[nH]cc(-c4cccc(O)c4)c23)C1,7.985
322,C[C@H]1CCCN(c2ncnc3[nH]cc(-c4cccc(S(N)(=O)=O)c4)c23)C1,7.550000000000001
323,C[C@H]1CCCN(c2ncnc3[nH]cc(-c4cccc5[nH]ncc45)c23)C1,7.925
324,C[C@H]1CCCN(c2ncnc3[nH]cc(-c4ccccc4F)c23)C1,6.96
325,C[C@H]1CCCN(c2ncnc3[nH]cc(-c4cccnc4)c23)C1,7.135
326,C[C@H]1CCCN(c2ncnc3[nH]cc(-c4cnc5[nH]ccc5c4)c23)C1,7.145
327,C[C@H]1CCCN(c2ncnc3[nH]cc(-c4cnc5cc[nH]c5c4)c23)C1,7.29
328,C[C@H]1CCCN(c2ncnc3[nH]cc(-c4cnn(C)c4)c23)C1,7.885
329,C[C@H]1CCCN1c1c(C#N)c2c(N)ncnc2n1C,5.38
330,C[C@H]1CN(c2cc(-c3n[nH]c4ccc(OC5(C)CC5)cc34)ncn2)CCO1,7.926666666666667
331,C[C@H]1CN(c2ncnc3[nH]cc(-c4cccc(C#N)c4)c23)CCO1,7.496666666666667
332,C[C@H]1CN(c2ncnc3[nH]cc(-c4cccc(C#N)c4F)c23)CCO1,7.605
333,C[C@H]1CN(c2ncnc3[nH]cc(-c4cccc(F)c4)c23)CCO1,7.255
334,C[C@H]1CN(c2ncnc3[nH]cc(-c4cnn(C)c4)c23)CCO1,7.235
335,C[C@H]1COCCN1c1ncnc2[nH]cc(-c3cccc(C#N)c3)c12,7.07
336,Cc1[nH]c2ncnc(N3CCOCC3)c2c1-c1cccc(C#N)c1,7.645
337,Cc1[nH]c2ncnc(N3CCOCC3)c2c1-c1cnn(C)c1,7.1899999999999995
338,Cc1[nH]nc(-c2ccnc(N3CCOCC3)c2)c1-c1ccc(-c2ccc(S(N)(=O)=O)c(C)c2C)cc1,7.105
339,Cc1[nH]nc(-c2ccnc(N3CCOCC3)c2)c1-c1ccc(-c2cccc(S(N)(=O)=O)c2)cc1,8.525
340,Cc1[nH]nc(-c2ccncc2)c1-c1cc(F)c(-c2cccc(S(N)(=O)=O)c2)c(F)c1,7.785
341,Cc1[nH]nc(-c2ccncc2)c1-c1ccc(-c2ccc(S(N)(=O)=O)c(C)c2C)cc1,6.085
342,Cc1[nH]nc(-c2ccncc2)c1-c1ccc(-c2cccc(S(N)(=O)=O)c2)c(C#N)c1,6.04
343,Cc1[nH]nc(-c2ccncc2)c1-c1ccc(-c2cccc(S(N)(=O)=O)c2)c(C(C)C)c1,7.5649999999999995
344,Cc1[nH]nc(-c2ccncc2)c1-c1ccc(-c2cccc(S(N)(=O)=O)c2)c(C(F)(F)F)c1,6.5649999999999995
345,Cc1[nH]nc(-c2ccncc2)c1-c1ccc(-c2cccc(S(N)(=O)=O)c2)c(C2CC2)c1,8.05
346,Cc1[nH]nc(-c2ccncc2)c1-c1ccc(-c2cccc(S(N)(=O)=O)c2)c(F)c1,7.6499999999999995
347,Cc1[nH]nc(-c2ccncc2)c1-c1ccc(-c2cccc(S(N)(=O)=O)c2)c(F)c1F,7.57
348,Cc1[nH]nc(-c2ccncc2)c1-c1ccc(-c2cccc(S(N)(=O)=O)c2)cc1,7.215
349,Cc1[nH]nc(-c2ccncc2)c1-c1ccc(-c2cccc(S(N)(=O)=O)c2C)cc1,6.93
350,Cc1[nH]nc2ccnc(NC3CCOCC3)c12,6.545
351,Cc1c(-c2ccc(-c3c[nH]nc3-c3ccnc(N4CCOCC4)c3)cc2)ccc(S(N)(=O)=O)c1C,7.205
352,Cc1c(-c2ccc(-c3c[nH]nc3-c3ccncc3)cc2)ccc(S(N)(=O)=O)c1C,6.5
353,Cc1c(-c2ccncc2)ccc2c(NC(C)C)c(C(N)=O)nnc12,5.55
354,Cc1c(C#N)cccc1-c1c[nH]c2ncnc(N3CCOCC3)c12,7.46
355,Cc1c(C#N)cccc1CNc1ccc2[nH]nc(-c3ccncc3)c2c1,7.525
356,Cc1c(Nc2nc(N)c3c(C#N)c(N4CCC[C@H]4C)n(C)c3n2)cnn1C,6.895
357,Cc1c(Nc2nc(N)c3c(C#N)c(N4CCC[C@H]4C)n(C)c3n2)cnn1C1COC1,7.0
358,Cc1c(Nc2nc(N)c3c(C#N)c(N4CCC[C@H]4C)n(C)c3n2)cnn1CC(C)(C)O,7.075
359,Cc1c(Nc2nc(N)c3c(C#N)c(N4CCC[C@H]4C)n(C)c3n2)cnn1CC1(O)COC1,7.345
360,Cc1c(Nc2nc(N)c3c(C#N)c(N4CCC[C@H]4C)n(C)c3n2)cnn1[C@@H]1CCOC1,7.328
361,Cc1c(Nc2nc(N)c3c(C#N)c(N4CCC[C@H]4C)n(C)c3n2)cnn1[C@H]1CCOC1,7.340000000000001
362,Cc1cc(-c2c(-c3ccncc3)n[nH]c2C)cc(C)c1-c1cccc(S(N)(=O)=O)c1,7.17
363,Cc1cc(-c2c(-c3ccncc3)n[nH]c2C)ccc1-c1cccc(C(N)=O)c1,6.495
364,Cc1cc(-c2c(-c3ccncc3)n[nH]c2C)ccc1-c1cccc(S(C)(=O)=O)c1,6.705
365,Cc1cc(-c2c(-c3ccncc3)n[nH]c2C)ccc1-c1cccc(S(N)(=O)=O)c1,7.78
366,Cc1cc(-c2c[nH]c3ncnc(N4CCOCC4)c23)sn1,7.39
367,Cc1cc(-c2cc(Nc3ccn(C)n3)nc3[nH]cc(C#N)c23)ccc1CN1CCOCC1,8.7
368,Cc1cc(-c2cc(Nc3ccn(C)n3)nc3[nH]cc(C#N)c23)ccn1,6.825
369,Cc1cc(-c2cc(Nc3nn(C)cc3C)nc3[nH]cc(C#N)c23)ccn1,6.64
370,Cc1cc(-c2cc(Nc3nn(C)cc3Cl)nc3[nH]cc(C#N)c23)ccn1,6.529999999999999
371,Cc1cc(-c2cccc(S(N)(=O)=O)c2)ccc1-c1c(-c2ccncc2)n[nH]c1C,6.255
372,Cc1cc(-c2ccnc3[nH]cc(C#N)c23)ccc1CN(C)C,6.4
373,Cc1cc(-c2ccnc3[nH]cc(C#N)c23)ccc1CN1CCOCC1,6.66
374,Cc1cc(-c2cnc(N)c(-c3cn(C(C)C)nn3)c2)ccc1C(=O)N1CCOCC1,6.98
375,Cc1cc(-c2cnc(N)c(-c3cn(C(C)C)nn3)c2)ccc1CN1CCOCC1,6.6
376,Cc1cc(-c2n[nH]c(C)c2-c2ccc(-c3ccc(S(N)(=O)=O)c(C)c3C)cc2)cc(C)n1,6.805
377,Cc1cc(-c2n[nH]c(C)c2-c2ccc(-c3ccc(S(N)(=O)=O)c(C)c3C)cc2)ccn1,6.734999999999999
378,Cc1cc(-c2n[nH]c(C)c2-c2ccc(-c3cccc(S(N)(=O)=O)c3)c(C3CC3)c2)ccn1,8.195
379,Cc1cc(-c2n[nH]c(C)c2-c2ccc(-c3cccc(S(N)(=O)=O)c3)cc2)cc(C)n1,7.9
380,Cc1cc(-c2n[nH]c(C)c2-c2ccc(-c3cccc(S(N)(=O)=O)c3)cc2)ccn1,7.745
381,Cc1cc(-c2n[nH]c3ccc(N[C@@H]4CCCc5cc(C#N)ccc54)cc23)cc(C)n1,7.93
382,Cc1cc(-c2n[nH]c3ccc(N[C@@H]4CCOc5cc(C#N)ccc54)cc23)cc(C)n1,7.890000000000001
383,Cc1cc(-c2n[nH]c3ccc(N[C@@H]4CCOc5cc(C#N)ccc54)cc23)ccn1,7.21
384,Cc1cc(-c2n[nH]c3ccc(Nc4ccc(C#N)cc4C#N)cc23)ccn1,8.425
385,Cc1cc(-c2n[nH]c3ccc(Nc4ccccc4C#N)cc23)ccn1,8.65
386,Cc1cc(-c2n[nH]cc2-c2ccc(-c3cccc(S(N)(=O)=O)c3)cc2)cc(C)n1,7.61
387,Cc1cc(-c2n[nH]cc2-c2ccc(-c3cccc(S(N)(=O)=O)c3)cc2)ccn1,7.66
388,Cc1cc(C#N)cc(-c2c[nH]c3ncnc(N4CCOCC4)c23)c1,7.52
389,Cc1cc(C#N)ccc1Oc1ccc2[nH]nc(-c3ccncc3)c2c1,7.085
390,Cc1cc(C2CN(c3ncnc4[nH]cc(-c5cccc(C#N)c5)c34)CCO2)on1,6.825
391,Cc1cc(Cc2nc3cnc4ccc(C#N)cc4c3n2[C@@H]2CCN(C)C2)ncn1,8.07
392,Cc1cc(S(N)(=O)=O)cc(-c2ccc(-c3c(-c4ccncc4)n[nH]c3C)cc2)c1C,6.32
393,Cc1ccc(-c2ccnc3[nH]cc(C#N)c23)cc1,5.585
394,Cc1ccc(-c2cnc(N)c(-c3cnc(C)o3)c2)cc1,4.79
395,Cc1ccc(-c2cnc(N)c(-c3cnn(C)c3)c2)cc1,4.984999999999999
396,Cc1ccc(-c2cnc(N)c(-c3nnc(C4CC4)o3)c2)cc1,5.65
397,Cc1ccc(-c2cnc(N)c(-c3nnc(C4CCN(C)CC4)o3)c2)cc1,5.755000000000001
398,Cc1ccc(C#N)c(Nc2ccc3[nH]nc(-c4ccncc4)c3c2)c1,6.635
399,Cc1ccc(Cl)c(-c2c[nH]c3ncnc(N4CCOCC4)c23)c1,7.51
400,Cc1ccc(F)cc1-c1c[nH]c2ncnc(N3CCOCC3)c12,6.845000000000001
401,Cc1ccc(NC(=O)c2ccc(CN3CCNCC3)cc2)cc1Nc1nccc(-c2cccnc2)n1,5.41
402,Cc1ccc(Nc2ccc3[nH]nc(-c4ccncc4)c3c2)c(C#N)c1,7.985
403,Cc1ccc(OCC2CN(c3ncnc4[nH]cc(-c5cnn(C)c5)c34)CCO2)cn1,7.164999999999999
404,Cc1ccc(S(N)(=O)=O)cc1-c1ccc(-c2c(-c3ccncc3)n[nH]c2C)cc1,7.48
405,Cc1ccc(S(N)(=O)=O)cc1-c1ccc(-c2c[nH]nc2-c2ccncc2)cc1,6.9399999999999995
406,Cc1ccc2nc(NC(=O)c3ccc(N4CCOCC4)cc3)sc2c1,6.4
407,Cc1cccc(-c2c[nH]c3ncnc(N4CCOCC4)c23)c1,7.496666666666667
408,Cc1cccc(-c2cc(N)nc3[nH]cc(C#N)c23)c1,7.386363636363637
409,Cc1cccc(-c2cc(Nc3ccn(C)n3)nc3[nH]cc(C#N)c23)c1,8.306666666666667
410,Cc1cccc(-c2cc(Nc3ccn(C)n3)nc3[nH]cc(C#N)c23)n1,7.215
411,Cc1cccc(-c2cc(Nc3nn(C)cc3C(F)(F)F)nc3[nH]cc(C#N)c23)n1,6.325
412,Cc1cccc(-c2cc(Nc3nn(C)cc3C)nc3[nH]cc(C#N)c23)n1,7.1
413,Cc1cccc(-c2cc(Nc3nn(C)cc3Cl)nc3[nH]cc(C#N)c23)n1,7.1475
414,Cc1cccc(-c2ccnc3[nH]cc(C#N)c23)c1,6.74
415,Cc1cccc(C#N)c1Nc1ccc2[nH]nc(-c3ccncc3)c2c1,7.85
416,Cc1cccc(Nc2ccc3[nH]nc(-c4ccncc4)c3c2)c1C#N,7.76
417,Cc1ccccc1-c1ccnc2[nH]cc(C#N)c12,4.5649999999999995
418,Cc1ccnc(-c2c[nH]c3ncnc(N4CCOCC4)c23)c1,7.21
419,Cc1ccnc(-c2cc(Nc3ccn(C)n3)nc3[nH]cc(C#N)c23)c1,6.59
420,Cc1ccnc(-c2cc(Nc3nn(C)cc3Cl)nc3[nH]cc(C#N)c23)c1,6.755
421,Cc1cn(C)nc1Nc1cc2c(c(N)n1)c(C#N)c(N1CCC[C@H]1C)n2C,5.785
422,Cc1cn(Cc2nc3cnc4ccc(Cl)cc4c3n2C2CN(C)CC2(F)F)nn1,8.754999999999999
423,Cc1cnc(Cc2nc3cnc4ccc(C#N)cc4c3n2C2CN(C)CC2(F)F)cn1,8.43
424,Cc1cnc(Cc2nc3cnc4ccc(C(F)(F)F)cc4c3n2[C@@H]2CCO[C@H](C)C2)cn1,8.285
425,Cc1cnc(N2C[C@@H](C)O[C@@H](C)C2)cc1NC(=O)c1cccc(-c2cnn(C)c2)n1,7.835000000000001
426,Cc1cncc(-c2c[nH]c3ncnc(N4CCCC(O)C4)c23)c1,7.305
427,Cc1cncc(-c2c[nH]c3ncnc(N4CCC[C@H](C)C4)c23)c1,7.77
428,Cc1cncc(-c2c[nH]c3ncnc(N4CCOCC4)c23)c1,7.316666666666666
429,Cc1cncc(-c2c[nH]c3ncnc(N4CCO[C@@H](C)C4)c23)c1,6.775
430,Cc1cncc(-c2cc(Nc3ccn(C)n3)nc3[nH]cc(C#N)c23)c1,7.3025
431,Cc1cncc(-c2cc(Nc3nn(C)cc3C(F)(F)F)nc3[nH]cc(C#N)c23)c1,6.37
432,Cc1cncc(-c2cc(Nc3nn(C)cc3C)nc3[nH]cc(C#N)c23)c1,7.0649999999999995
433,Cc1cncc(-c2cc(Nc3nn(C)cc3Cl)nc3[nH]cc(C#N)c23)c1,6.973333333333334
434,Cc1cnn(Cc2nc3cnc4ccc(C#N)cc4c3n2C2CN(C)CC2(F)F)n1,8.115
435,Cc1n[nH]cc1Nc1nc(N)c2c(C#N)c(N3CCC[C@H]3C)n(C)c2n1,7.475
436,Cc1nc(C2CN(c3ncnc4[nH]cc(-c5cccc(C#N)c5)c34)CCO2)no1,7.6575
437,Cc1nc(C2CN(c3ncnc4[nH]cc(-c5cccc(C#N)c5F)c34)CCO2)no1,7.41
438,Cc1nc(CC2CN(c3ncnc4[nH]cc(-c5cccc(C#N)c5)c34)CCO2)no1,7.035
439,Cc1nc(Cc2nc3cnc4ccc(C(F)(F)F)cc4c3n2[C@@H]2CCOCC2(F)F)no1,7.585
440,Cc1nc(N2CCOCC2)c2c(-c3cccc(C#N)c3)c[nH]c2n1,6.835
441,Cc1nc(N2CCOCC2)c2c(-c3cccc(C#N)c3F)c[nH]c2n1,6.98
442,Cc1nc(NC(=O)c2cccc(-c3cnn(C)c3)n2)cc(N2CC[C@@H](C(C)(C)O)C2)n1,7.890000000000001
443,Cc1nc([C@@H]2CN(c3ncnc4[nH]cc(-c5cccc(C#N)c5)c34)CCO2)no1,7.49
444,Cc1nc2sccn2c1-c1c[nH]c2ncnc(N3CCOCC3)c12,7.15
445,Cc1ncc(-c2ccc3c(NC(C)C)c(C#N)cnc3c2)s1,7.72
446,Cc1nn(C)cc1-c1c[nH]c2ncnc(N3CCOCC3)c12,7.13
447,Cc1nn(C)cc1Nc1nc(N)c2c(C#N)c(N3CCC[C@H]3C)n(C)c2n1,7.145
448,Cc1nn(C2CCOC2)cc1Nc1nc(N)c2c(C#N)c(N3CCC[C@H]3C)n(C)c2n1,7.24
449,Cc1nn(C2COC2)cc1Nc1nc(N)c2c(C#N)c(N3CCC[C@H]3C)n(C)c2n1,7.1225
450,Cc1nn(CC(C)(C)O)cc1Nc1nc(N)c2c(C#N)c(N3CCC[C@H]3C)n(C)c2n1,6.9975
451,Cc1nn(CC2(O)COC2)cc1Nc1nc(N)c2c(C#N)c(N3CCC[C@H]3C)n(C)c2n1,6.88
452,Cc1nnc(C2CCCN(c3ncnc4[nH]cc(-c5cccc(C#N)c5)c34)C2)o1,6.84
453,Cc1noc(C2CN(c3ncnc4[nH]cc(-c5cccc(C#N)c5)c34)CCO2)n1,6.953333333333333
454,Cc1noc(C2CN(c3ncnc4[nH]cc(-c5cccc(C#N)c5F)c34)CCO2)n1,7.279999999999999
455,Clc1cccc(-c2c[nH]c3ncnc(N4CCOCC4)c23)c1,7.3525
456,Clc1cccc(Sc2ccc3nnc(-c4cncs4)n3n2)c1,7.156666666666666
457,Clc1ccccc1-c1c[nH]c2ncnc(N3CCOCC3)c12,7.58
458,Clc1cncc(-c2c[nH]c3ncnc(N4CCOCC4)c23)c1,7.495
459,Cn1c(-c2cccc(F)c2F)c(C#N)c2c(N)ncnc21,6.52
460,Cn1c(-c2ccccc2)c(C#N)c2c(N)ncnc21,6.11
461,Cn1c(N)c(C#N)c2c(N)ncnc21,4.955
462,Cn1c(N2CCCC2)c(C#N)c2c(N)ncnc21,5.775
463,Cn1c(NCc2ccccc2F)c(C#N)c2c(N)ncnc21,5.49
464,Cn1cc(-c2c[nH]c3ncnc(N4CCC(F)CC4)c23)cn1,7.37
465,Cn1cc(-c2c[nH]c3ncnc(N4CCCC(F)C4)c23)cn1,7.54
466,Cn1cc(-c2c[nH]c3ncnc(N4CCCC(O)C4)c23)cn1,7.415
467,Cn1cc(-c2c[nH]c3ncnc(N4CCOC(CO)C4)c23)cn1,7.105
468,Cn1cc(-c2c[nH]c3ncnc(N4CCOCC4)c23)cc1C#N,8.045
469,Cn1cc(-c2c[nH]c3ncnc(N4CCOCC4)c23)cn1,7.422
470,Cn1cc(-c2c[nH]c3ncnc(N4CCOCC4)c23)nc1C#N,7.98
471,Cn1cc(-c2c[nH]c3ncnc(N4CCSCC4)c23)cn1,7.220000000000001
472,Cn1cc(-c2ccc3[nH]nc(-c4cc(N5CCN(S(C)(=O)=O)CC5)ncn4)c3c2)cn1,7.960000000000001
473,Cn1cc(-c2ccc3[nH]nc(-c4cc(N5CCOCC5)ncn4)c3c2)cn1,8.015
474,Cn1cc(-c2ccc3c(N4CCC4)c(C#N)cnc3c2)cn1,7.945
475,Cn1cc(-c2cccc(C(=O)Nc3cc(N4CC(O)C4)ncc3C(F)(F)F)n2)cn1,8.219999999999999
476,Cn1cc(-c2cccc(C(=O)Nc3cc(N4CC5(C(C)(C)O)CC4C5)ncc3C(F)(F)F)n2)cn1,8.375
477,Cn1cc(-c2cccc(C(=O)Nc3cc(N4CC[C@@H](C(C)(C)O)C4)cnc3C(F)(F)F)n2)cn1,7.725
478,Cn1cc(-c2cccc(C(=O)Nc3cc(N4CC[C@@H](C(C)(C)O)C4)ncc3C(F)(F)F)n2)cn1,8.8
479,Cn1cc(-c2cccc(C(=O)Nc3cnn(C4CCC4)c3)c2F)cn1,6.470000000000001
480,Cn1cc(-c2cccc(C(=O)Nc3cnn(C4CCC4)c3)n2)cn1,6.66
481,Cn1cc(-c2n[nH]c3ccc(N[C@@H]4CCCc5cc(C#N)ccc54)cc23)cn1,7.54
482,Cn1cc(-c2nc(C(=O)Nc3cnn(C4CCC4)c3)cs2)cn1,7.21
483,Cn1cc(-c2nccc(C(=O)Nc3cnn(C4CCC4)c3)n2)cn1,6.744999999999999
484,Cn1cc(-c2nnc3ccc(Sc4cc(Cl)ccc4Cl)nn23)cn1,6.09
485,Cn1cc(Nc2cc(-c3ccccc3)c3c(C#N)c[nH]c3n2)cn1,6.9
486,Cn1ccc(-c2c[nH]c3ncnc(N4CCOCC4)c23)n1,6.640000000000001
487,Cn1ccc(Nc2cc(-c3ccccc3)c3c(C#N)c[nH]c3n2)n1,7.116
488,FC(F)(F)Oc1cccc(Sc2ccc3nnc(-c4cncs4)n3n2)c1,6.859999999999999
489,FC(F)(F)c1ccc(Sc2ccc3nnc(-c4ccccc4)n3n2)cc1,5.460000000000001
490,FC(F)(F)c1cccc(Sc2ccc3cnc(-c4cccs4)n3n2)c1,5.055
491,FC(F)(F)c1cccc(Sc2ccc3ncc(-c4cccs4)n3c2)c1,5.63
492,FC(F)(F)c1cccc(Sc2ccc3ncc(-c4cccs4)n3n2)c1,7.165
493,FC(F)(F)c1cccc(Sc2ccc3nnc(-c4cccc(Cl)c4)n3n2)c1,6.9350000000000005
494,FC(F)(F)c1cccc(Sc2ccc3nnc(-c4cccc(N5CCNCC5)c4)n3n2)c1,6.88
495,FC(F)(F)c1cccc(Sc2ccc3nnc(-c4ccccc4)n3n2)c1,6.96
496,FC(F)(F)c1cccc(Sc2ccc3nnc(-c4ccccc4Cl)n3n2)c1,5.735
497,FC(F)(F)c1cccc(Sc2ccc3nnc(-c4ccccn4)n3n2)c1,7.07
498,FC(F)(F)c1cccc(Sc2ccc3nnc(-c4cccnc4)n3n2)c1,6.9350000000000005
499,FC(F)(F)c1cccc(Sc2ccc3nnc(-c4cccs4)n3n2)c1,6.846666666666667
500,FC(F)(F)c1cccc(Sc2ccc3nnc(-c4ccn[nH]4)n3n2)c1,7.053333333333334
501,FC(F)(F)c1cccc(Sc2ccc3nnc(-c4ccncc4)n3n2)c1,6.335
502,FC(F)(F)c1cccc(Sc2ccc3nnc(-c4cncs4)n3n2)c1,6.996666666666667
503,FC(F)(F)c1cccc(Sc2ccc3nnc(-c4cscn4)n3n2)c1,6.66
504,FC(F)(F)c1cccc(Sc2ccc3nnc(-c4nccs4)n3n2)c1,6.806666666666666
505,FC(F)(F)c1cccc(Sc2ccc3nnc(-c4sccc4Br)n3n2)c1,6.54
506,FC(F)(F)c1cccc(Sc2ccc3nnc(C4CC4)n3n2)c1,6.255
507,FC(F)(F)c1cccc(Sc2ccc3nnc(C4CCCC4)n3n2)c1,6.05
508,FC(F)(F)c1cccc(Sc2ccc3nnc(C4CCOCC4)n3n2)c1,5.484999999999999
509,FC(F)(F)c1cccc(Sc2cn3c(-c4cccs4)cnc3cn2)c1,5.5649999999999995
510,FC(F)(F)c1ccccc1Sc1ccc2nnc(-c3ccccc3)n2n1,5.555
511,FC(F)(F)c1ccnc(Sc2ccc3nnc(-c4cncs4)n3n2)n1,7.11
512,Fc1cc(F)cc(-c2c[nH]c3ncnc(N4CCOCC4)c23)c1,6.83
513,Fc1ccc(-c2c[nH]c3ncnc(N4CCOCC4)c23)c(F)c1,7.3
514,Fc1ccc(-c2c[nH]c3ncnc(N4CCOCC4)c23)cc1,6.914999999999999
515,Fc1ccc(-c2nnc3ccc(Sc4cccc(C(F)(F)F)c4)nn23)cc1,6.46
516,Fc1ccc(Cl)cc1-c1c[nH]c2ncnc(N3CCOCC3)c12,7.985
517,Fc1ccc(F)c(-c2c[nH]c3ncnc(N4CCOCC4)c23)c1,6.98
518,Fc1cccc(-c2c[nH]c3ncnc(N4CCOCC4)c23)c1,7.446666666666666
519,Fc1cccc(-c2c[nH]c3ncnc(N4CCOCC4)c23)c1F,7.77
520,Fc1cccc(Sc2ccc3nnc(-c4cncs4)n3n2)c1,6.9399999999999995
521,Fc1ccccc1-c1c[nH]c2ncnc(N3CCOCC3)c12,7.59
522,N#CC(c1cccc(C(F)(F)F)c1)c1ccc2nnc(-c3ccccc3)n2n1,4.665
523,N#CCC1CN(c2ncnc3[nH]cc(-c4cccc(C#N)c4)c23)CCO1,7.615
524,N#Cc1c(F)cccc1Nc1ccc2[nH]nc(-c3ccncc3)c2c1,7.98
525,N#Cc1c[nH]c2nc(N)cc(-c3ccccc3)c12,6.7225
526,N#Cc1c[nH]c2nc(Nc3ccccn3)cc(-c3ccccc3)c12,6.375
527,N#Cc1c[nH]c2nccc(-c3ccc(CN4CCOCC4)cc3)c12,5.57
528,N#Cc1c[nH]c2nccc(-c3cccc(Cl)c3)c12,6.0
529,N#Cc1c[nH]c2nccc(-c3cccc(O)c3)c12,6.345
530,N#Cc1c[nH]c2nccc(-c3ccccc3)c12,5.975
531,N#Cc1c[nH]c2nccc(-c3ccccc3Cl)c12,5.075
532,N#Cc1c[nH]c2nccc(-c3ccn(CN4CCOCC4)c3)c12,5.800000000000001
533,N#Cc1c[nH]c2nccc(-c3ccsc3)c12,6.006666666666667
534,N#Cc1cc(-c2c[nH]c3ncnc(N4CCOCC4)c23)ccc1F,6.1933333333333325
535,N#Cc1cc(-c2c[nH]c3ncnc(N4CCOCC4)c23)ccn1,5.75
536,N#Cc1cc(Cl)cc(-c2c[nH]c3ncnc(N4CCOCC4)c23)c1,6.75
537,N#Cc1cc(F)cc(-c2c[nH]c3ncnc(N4CCOCC4)c23)c1,6.313333333333333
538,N#Cc1cc(F)ccc1Nc1ccc2[nH]nc(-c3ccncc3)c2c1,7.57
539,N#Cc1ccc(-c2c[nH]c3ncnc(N4CCOCC4)c23)s1,7.295
540,N#Cc1ccc(CNc2ccc3[nH]nc(-c4ccncc4)c3c2)cc1,7.345000000000001
541,N#Cc1ccc(F)cc1Nc1ccc2[nH]nc(-c3ccncc3)c2c1,6.9399999999999995
542,N#Cc1ccc(Nc2ccc3[nH]c(=O)[nH]c3c2)c([N+](=O)[O-])c1,5.7725
543,N#Cc1ccc(Nc2ccc3[nH]c(=O)n(-c4ccncc4)c3c2)c([N+](=O)[O-])c1,5.145
544,N#Cc1ccc(Nc2ccc3[nH]nc(-c4ccncc4)c3c2)c(C#N)c1,7.845000000000001
545,N#Cc1ccc(Nc2ccc3[nH]nc(-c4ccncc4)c3c2)c(Cl)c1,6.8149999999999995
546,N#Cc1ccc(Nc2ccc3[nH]nc(-c4ccncc4)c3c2)c([N+](=O)[O-])c1,7.925000000000001
547,N#Cc1ccc(Nc2ccc3[nH]nc(-c4ccncc4)c3c2)cc1,7.52
548,N#Cc1ccc(Oc2ccc3[nH]nc(-c4ccncc4)c3c2)c(C#N)c1,7.37
549,N#Cc1ccc(Oc2ccc3[nH]nc(-c4ccncc4)c3c2)c([N+](=O)[O-])c1,7.79
550,N#Cc1ccc2c(Nc3ccc4[nH]nc(-c5ccncc5)c4c3)cccc2c1,6.550000000000001
551,N#Cc1ccc2c(c1)CCC2Nc1ccc2[nH]nc(-c3ccncc3)c2c1,7.8500000000000005
552,N#Cc1ccc2c(c1)CCC[C@@H]2Nc1ccc2[nH]nc(-c3ccncc3)c2c1,7.96
553,N#Cc1ccc2c(c1)CCC[C@H]2Nc1cc2c(-c3ccncc3)n[nH]c2cc1C(F)(F)F,6.49
554,N#Cc1ccc2c(c1)CCC[C@H]2Nc1cc2c(-c3ccncc3)n[nH]c2cc1F,7.215
555,N#Cc1ccc2c(c1)CCC[C@H]2Nc1ccc2[nH]nc(-c3ccnc(N4CCOCC4)c3)c2c1,8.11
556,N#Cc1ccc2c(c1)CCC[C@H]2Nc1ccc2[nH]nc(-c3ccncc3)c2c1,7.495000000000001
557,N#Cc1ccc2c(c1)OCCC2Nc1ccc2[nH]nc(-c3ccncc3)c2c1,7.805
558,N#Cc1ccc2c(c1)OCC[C@H]2Nc1ccc2[nH]nc(-c3ccncc3)c2c1,7.41
559,N#Cc1cccc(-c2c(C(F)F)[nH]c3ncnc(N4CCOCC4)c23)c1,6.4350000000000005
560,N#Cc1cccc(-c2c[nH]c3ncnc(N4CC5CC(C4)O5)c23)c1,6.76
561,N#Cc1cccc(-c2c[nH]c3ncnc(N4CC5CCOC5C4)c23)c1,6.145
562,N#Cc1cccc(-c2c[nH]c3ncnc(N4CC5COCC5C4)c23)c1,6.0600000000000005
563,N#Cc1cccc(-c2c[nH]c3ncnc(N4CCC(=O)CC4)c23)c1,6.915
564,N#Cc1cccc(-c2c[nH]c3ncnc(N4CCC(F)(CO)CC4)c23)c1,7.175
565,N#Cc1cccc(-c2c[nH]c3ncnc(N4CCC(F)(F)C4)c23)c1,6.92
566,N#Cc1cccc(-c2c[nH]c3ncnc(N4CCC(F)(F)CC4)c23)c1,6.825
567,N#Cc1cccc(-c2c[nH]c3ncnc(N4CCC(F)CC4)c23)c1,7.346666666666667
568,N#Cc1cccc(-c2c[nH]c3ncnc(N4CCC(F)CC4)c23)c1F,7.41
569,N#Cc1cccc(-c2c[nH]c3ncnc(N4CCC(O)CC4)c23)c1,7.12
570,N#Cc1cccc(-c2c[nH]c3ncnc(N4CCC(c5cc[nH]n5)CC4)c23)c1,7.015000000000001
571,N#Cc1cccc(-c2c[nH]c3ncnc(N4CCC(c5ncc[nH]5)CC4)c23)c1,7.01
572,N#Cc1cccc(-c2c[nH]c3ncnc(N4CCC4)c23)c1,6.18
573,N#Cc1cccc(-c2c[nH]c3ncnc(N4CCCC(C(N)=O)C4)c23)c1,7.09
574,N#Cc1cccc(-c2c[nH]c3ncnc(N4CCCC(F)(F)C4)c23)c1,6.935
575,N#Cc1cccc(-c2c[nH]c3ncnc(N4CCCC(F)C4)c23)c1,7.51
576,N#Cc1cccc(-c2c[nH]c3ncnc(N4CCCC(N)C4)c23)c1,7.765
577,N#Cc1cccc(-c2c[nH]c3ncnc(N4CCCC(O)C4)c23)c1,7.785
578,N#Cc1cccc(-c2c[nH]c3ncnc(N4CCCC(O)C4)c23)c1F,7.715
579,N#Cc1cccc(-c2c[nH]c3ncnc(N4CCCC(c5cc[nH]n5)C4)c23)c1,6.890000000000001
580,N#Cc1cccc(-c2c[nH]c3ncnc(N4CCCC(c5ncc[nH]5)C4)c23)c1,6.880000000000001
581,N#Cc1cccc(-c2c[nH]c3ncnc(N4CCCC4)c23)c1,7.22
582,N#Cc1cccc(-c2c[nH]c3ncnc(N4CCCC4)c23)c1F,7.455
583,N#Cc1cccc(-c2c[nH]c3ncnc(N4CCCC5(CCOC5)C4)c23)c1,7.04
584,N#Cc1cccc(-c2c[nH]c3ncnc(N4CCCC5(CNC(=O)C5)C4)c23)c1,7.1899999999999995
585,N#Cc1cccc(-c2c[nH]c3ncnc(N4CCCCC4)c23)c1,7.503333333333334
586,N#Cc1cccc(-c2c[nH]c3ncnc(N4CCC[C@@H](O)C4)c23)c1,7.765
587,N#Cc1cccc(-c2c[nH]c3ncnc(N4CCC[C@H](O)C4)c23)c1,7.395
588,N#Cc1cccc(-c2c[nH]c3ncnc(N4CCOC(C#N)C4)c23)c1,6.63
589,N#Cc1cccc(-c2c[nH]c3ncnc(N4CCOC(Cc5noc(C(F)F)n5)C4)c23)c1,7.115
590,N#Cc1cccc(-c2c[nH]c3ncnc(N4CCOC(c5cc[nH]n5)C4)c23)c1,7.0775
591,N#Cc1cccc(-c2c[nH]c3ncnc(N4CCOC(c5cccc(O)c5)C4)c23)c1,6.795
592,N#Cc1cccc(-c2c[nH]c3ncnc(N4CCOC(c5ccncn5)C4)c23)c1,6.904999999999999
593,N#Cc1cccc(-c2c[nH]c3ncnc(N4CCOC(c5ccno5)C4)c23)c1,6.63
594,N#Cc1cccc(-c2c[nH]c3ncnc(N4CCOC(c5nc(C6CC6)no5)C4)c23)c1,7.3
595,N#Cc1cccc(-c2c[nH]c3ncnc(N4CCOC(c5nccs5)C4)c23)c1,7.045
596,N#Cc1cccc(-c2c[nH]c3ncnc(N4CCOC(c5noc(C6CC6)n5)C4)c23)c1,7.525
597,N#Cc1cccc(-c2c[nH]c3ncnc(N4CCOCC4)c23)c1,7.795999999999999
598,N#Cc1cccc(-c2c[nH]c3ncnc(N4CCOCC4)c23)c1F,8.224
599,N#Cc1cccc(-c2c[nH]c3ncnc(N4CCOCC4)c23)n1,7.386666666666667
600,N#Cc1cccc(-c2c[nH]c3ncnc(N4CCO[C@H]5CCC[C@H]54)c23)c1,7.15
601,N#Cc1cccc(-c2c[nH]c3ncnc(N4CC[C@H](F)C4)c23)c1,7.164999999999999
602,N#Cc1cccc(-c2c[nH]c3ncnc(N4C[C@@H]5CCO[C@@H]5C4)c23)c1,6.545
603,N#Cc1cccc(-c2c[nH]c3ncnc(N4C[C@H]5COC[C@H]5C4)c23)c1,6.405
604,N#Cc1cccc(-c2c[nH]c3ncnc(NCCN4CCOCC4)c23)c1,6.68
605,N#Cc1cccc(-c2c[nH]c3ncnc(Nc4cn[nH]c4)c23)c1,7.300000000000001
606,N#Cc1cccc(CNc2ccc3[nH]nc(-c4ccncc4)c3c2)c1,7.63
607,N#Cc1cccc(F)c1Nc1ccc2[nH]nc(-c3ccncc3)c2c1,8.35
608,N#Cc1cccc(OCC2CN(c3ncnc4[nH]cc(-c5cccc(C#N)c5)c34)CCO2)c1,7.404999999999999
609,N#Cc1cccc([N+](=O)[O-])c1Nc1ccc2[nH]nc(-c3ccncc3)c2c1,7.1
610,N#Cc1ccccc1-c1c[nH]c2ncnc(N3CCOCC3)c12,6.925
611,N#Cc1ccccc1Nc1ccc2[nH]nc(-c3ccncc3)c2c1,8.06
612,N#Cc1ccccc1Oc1ccc2[nH]nc(-c3ccncc3)c2c1,7.9
613,N#Cc1cncc(-c2c[nH]c3ncnc(N4CCOCC4)c23)c1,5.415
614,NC(=O)C1CCCN(c2ncnc3[nH]cc(-c4ccccc4)c23)C1,7.4
615,NC(=O)c1ccc(Nc2nc(N3CCOCC3)c3ccccc3n2)cc1,6.140000000000001
616,NC(=O)c1ccc(Nc2nc(NCC(F)(F)F)c3cc[nH]c3n2)cc1,7.6
617,NC(=O)c1cccc(-c2c[nH]c3ncnc(N4CCOCC4)c23)c1,6.746666666666666
618,NC(=O)c1nnc2cc(-c3ccncc3)ccc2c1NCCCO,6.855
619,NC(=O)c1nnc2cc(-c3ccncc3)ccc2c1NCCO,6.71
620,NS(=O)(=O)c1cccc(-c2ccc(-c3c(-c4ccncc4)n[nH]c3C(F)(F)F)cc2)c1,5.925
621,NS(=O)(=O)c1cccc(-c2ccc(-c3c[nH]nc3-c3ccccc3)cc2)c1,6.42
622,NS(=O)(=O)c1cccc(-c2ccc(-c3c[nH]nc3-c3ccnc(N4CCOCC4)c3)cc2)c1,8.055
623,NS(=O)(=O)c1cccc(-c2ccc(-c3c[nH]nc3-c3ccncc3)cc2)c1,7.11
624,Nc1ncc(-c2ccc(CN3CCOCC3)cc2)cc1-c1nnc(C2CC2)o1,6.359999999999999
625,Nc1ncc(-c2ccc3[nH]ccc3c2)cc1-c1nnc(C2CC2)o1,5.9825
626,Nc1ncc(-c2cccc(CN3CCOCC3)c2)cc1-c1nnc(C2CC2)o1,6.085
627,O=C(NCCO)c1ccc(Nc2nc(-c3ccccc3)c3cc(Cl)ccc3n2)cc1,5.625
628,O=C(Nc1cccnc1)c1cc(-c2ccnc(F)c2)ccc1OCc1ccccc1,7.662000000000001
629,O=C(Nc1cccnc1)c1cc(C(F)(F)F)ccc1OCc1ccc(F)cc1,7.9
630,O=C(Nc1ccnnc1)c1cc(N2CCOCC2)ccc1OCc1ccccc1,7.066666666666666
631,O=C(Nc1nc2ccc(Br)cc2s1)c1ccc(N2CCOCC2)cc1,6.4350000000000005
632,O=C(Nc1nc2ccc(C(F)(F)F)cc2s1)c1ccc(N2CCOCC2)cc1,6.095
633,O=C(Nc1nc2ccc(F)cc2s1)c1ccc(Cl)cc1,5.3
634,O=C(Nc1nc2ccc(F)cc2s1)c1ccc(N2CCOCC2)cc1,6.76
635,O=C(Nc1nc2ccccc2s1)c1ccc(N2CCOCC2)cc1,6.295
636,O=C(c1cccc(C(F)(F)F)c1)c1ccc2nnc(-c3ccccc3)n2n1,4.97
637,O=C1Nc2ccc(Br)cc2C1=NN(c1ccccc1)c1ccccc1,7.609999999999999
638,O=C1Nc2ccc(Br)cc2C1=NN1CCCCC1,6.289999999999999
639,O=C1Nc2ccc(Br)cc2C1=NN1CCOCC1,5.9350000000000005
640,O=C1Nc2ccc(Cl)cc2/C1=C/c1cc(Br)c(O)c(Br)c1,7.91
641,O=C1Nc2ccc(Cl)cc2/C1=C\c1ccc(O)c(Br)c1,7.265000000000001
642,O=C1Nc2ccc(Cl)cc2C1=NN(c1ccccc1)c1ccccc1,7.65
643,O=C1Nc2ccc(Cl)cc2C1=NN1CCCCC1,6.395
644,O=C1Nc2ccc(Cl)cc2C1=NN1CCOCC1,5.88
645,O=C1Nc2ccc(F)cc2C1=NN(c1ccccc1)c1ccccc1,7.3100000000000005
646,O=C1Nc2ccc(F)cc2C1=NN1CCCCC1,5.76
647,O=C1Nc2ccc(F)cc2C1=NN1CCOCC1,5.355
648,O=C1Nc2ccc(I)cc2C1=NN1CCOCC1,6.275
649,O=C1Nc2ccc(OC(F)(F)F)cc2/C1=N\N(c1ccccc1)c1ccccc1,4.97
650,O=C1Nc2ccc(OC(F)(F)F)cc2C1=NN1CCOCC1,5.095
651,O=C1Nc2ccccc2/C1=N/c1ccccc1,5.485
652,O=C1Nc2ccccc2C1=NN(Cc1ccccc1)c1ccccc1,5.425
653,O=C1Nc2ccccc2C1=NN(c1ccccc1)c1ccccc1,6.75
654,O=C1Nc2ccccc2C1=NN1CCCCC1,5.765000000000001
655,O=C1Nc2ccccc2C1=NN1CCOCC1,5.47
656,O=C1Nc2ccccc2C1=Nc1ccc(F)cc1,5.465
657,O=C1Nc2ccccc2C1=Nc1ccccc1F,5.555
658,O=S(=O)(c1cccc(C(F)(F)F)c1)c1ccc2nnc(-c3ccccc3)n2n1,5.484999999999999
659,O=[N+]([O-])c1ccccc1Nc1ccc2[nH]nc(-c3ccncc3)c2c1,8.01
660,O=c1cc(-c2c[nH]c3ncnc(N4CCOCC4)c23)cc[nH]1,7.71
661,OC1CCCN(c2ncnc3[nH]cc(-c4cccc(F)c4)c23)C1,7.155
662,OCC1CCN(c2ncnc3[nH]cc(-c4ccccc4)c23)CC1,7.48
663,OCc1cc(-c2c[nH]c3ncnc(N4CCOCC4)c23)ccc1F,7.015000000000001
664,OCc1cccc(-c2c[nH]c3ncnc(N4CCOCC4)c23)c1,7.82
665,OCc1cccc(-c2c[nH]c3ncnc(N4CCOCC4)c23)c1F,7.3100000000000005
666,[2H]C([2H])([2H])c1cnc(Cc2nc3cnc4ccc(Cl)cc4c3n2[C@@H]2CCO[C@H](C)C2)cn1,8.58
667,[C-]#[N+]C1CCCN(c2ncnc3[nH]cc(-c4cccc(C#N)c4)c23)C1,6.99
668,[C-]#[N+]C1CCCN(c2ncnc3[nH]cc(-c4cccc(CO)c4)c23)C1,7.38
669,[C-]#[N+]C1CN(c2ncnc3[nH]cc(-c4cccc(C#N)c4)c23)CCO1,6.925
670,[C-]#[N+]c1ccc(F)c(-c2c[nH]c3ncnc(N(C)C)c23)c1,7.074999999999999
671,[C-]#[N+]c1ccc(F)c(-c2c[nH]c3ncnc(N4CCOCC4)c23)c1,6.859999999999999
672,[C-]#[N+]c1ccc(OC)c(-c2c[nH]c3ncnc(N(C)C)c23)c1,7.57
673,[C-]#[N+]c1ccc(OC)c(-c2c[nH]c3ncnc(N4CCCC(C)C4)c23)c1,7.47
674,[C-]#[N+]c1ccc(OC)c(-c2c[nH]c3ncnc(N4CCOCC4)c23)c1,7.12
675,[O-][S+](c1cccc(C(F)(F)F)c1)c1ccc2nnc(-c3ccccc3)n2n1,5.75
676,c1cc(-c2n[nH]c3ccnc(OC4CCOCC4)c23)cc(N2CCOCC2)n1,7.77
677,c1cc(-c2ncon2)cc(-c2c[nH]c3ncnc(N4CCOCC4)c23)c1,6.605
678,c1ccc(-c2c[nH]c3ncnc(N4CCCC4)c23)cc1,7.24
679,c1ccc(-c2c[nH]c3ncnc(N4CCOCC4)c23)cc1,7.533333333333334
680,c1ccc(Sc2ccc3nnc(-c4cncs4)n3n2)cc1,6.824999999999999
681,c1ccc2c(-c3c[nH]c4ncnc(N5CCOCC5)c34)cncc2c1,7.43
682,c1ccc2c(c1)OCCC2Nc1ccc2[nH]nc(-c3ccncc3)c2c1,7.095
683,c1cnc(-c2c[nH]c3ncnc(N4CCOCC4)c23)cn1,5.98
684,c1cnc(Sc2ccc3nnc(-c4cncs4)n3n2)nc1,6.965
685,c1cnc2c(-c3c[nH]c4ncnc(N5CCOCC5)c34)cnn2c1,7.1850000000000005
686,c1cncc(-c2c[nH]c3ncnc(N4CCOCC4)c23)c1,7.13
687,c1cnn2c(-c3c[nH]c4ncnc(N5CCOCC5)c34)cnc2c1,8.055
688,c1nc(N2CCOCC2)c2c(-c3cn[nH]c3)c[nH]c2n1,7.54
689,c1nc(N2CCOCC2)c2c(-c3cnc4sccn34)c[nH]c2n1,7.51
